Timestamp_Device_UTC,Timestamp_Gateway_UTC,BME688_Pressure_hPa,BME688_Humidity_RH_pct,BME688_Temperature_C,BME688_VOC_ppm,BME688_VSC_ppb,BME688_CO_ppm,BME688_H2_ppm,ENS160_TVOC_ppb,ENS160_EtOH_ppm,ENS160_H2_ppm,ENS160_Acetone_ppm,ENS160_Toluene_ppm,ENS160_eCO2_ppm,ENS160_AQI_UBA,MiCS4514_CO_ppm,MiCS4514_NO2_ppm,MiCS4514_EtOH_ppm,MiCS4514_H2_ppm,MiCS4514_NH3_ppm,MiCS4514_CH4_ppm,SP30_PM10_ugm3,SP30_PM2_5_ugm3,ADXL355Z_1_RMSx_g,ADXL355Z_1_RMSy_g,ADXL355Z_1_RMSz_g,ADXL355Z_1_RMSvec_g,ADXL355Z_1_VDV_ms1_75,ADXL355Z_1_Peak_g,ADXL355Z_1_CF,ADXL355Z_2_RMSx_g,ADXL355Z_2_RMSy_g,ADXL355Z_2_RMSz_g,ADXL355Z_2_RMSvec_g,ADXL355Z_2_VDV_ms1_75,ADXL355Z_2_Peak_g,ADXL355Z_2_CF,ADXL355Z_3_RMSx_g,ADXL355Z_3_RMSy_g,ADXL355Z_3_RMSz_g,ADXL355Z_3_RMSvec_g,ADXL355Z_3_VDV_ms1_75,ADXL355Z_3_Peak_g,ADXL355Z_3_CF,ICS43434_1_Audio_RMS_A_norm,ICS43434_1_Audio_dB_A_rel,ICS43434_1_Audio_Peak_A,ICS43434_1_Audio_CF_A,ICS43434_2_Audio_RMS_A_norm,ICS43434_2_Audio_dB_A_rel,ICS43434_2_Audio_Peak_A,ICS43434_2_Audio_CF_A,ICS43434_3_Audio_RMS_A_norm,ICS43434_3_Audio_dB_A_rel,ICS43434_3_Audio_Peak_A,ICS43434_3_Audio_CF_A
2026-09-28T06:00:00.000Z,2026-09-28T06:00:00.598Z,1008.038,45.41,22.322,0.6593,3.109,0.5895,0.3435,126.9,0.4131,0.2361,0.0998,0.0592,470.62,1.8,0.9607,0.01229,0.3838,0.5809,0.153,1.9124,11.368,6.963,0.003248,0.002226,0.002549,0.004691,0.006353,0.017392,3.7075,0.002341,0.001091,0.000828,0.002712,0.003291,0.009774,3.604,0.001636,0.002399,0.001669,0.003349,0.00455,0.01224,3.6548,0.009741,31.478,0.029902,3.0697,0.0097,32.131,0.029895,3.082,0.01195,34.026,0.048866,4.0892
2026-09-28T06:02:00.000Z,2026-09-28T06:02:00.282Z,1008.307,44.887,22.546,0.6876,3.953,0.5768,0.4137,126.1,0.4836,0.3356,0.0972,0.0215,444.11,2.31,0.7113,0.02017,0.5304,0.3684,0.1789,2.1742,14.51,10.89,0.001634,0.000945,0.003211,0.003725,0.00461,0.011286,3.0298,0.002016,0.00277,0.002336,0.004147,0.005679,0.01368,3.2988,0.002793,0.002398,0.004441,0.005768,0.007226,0.015469,2.6819,0.011383,33.266,0.046313,4.0686,0.010821,31.674,0.028771,2.6588,0.002643,22.698,0.010104,3.8229
2026-09-28T06:04:00.000Z,2026-09-28T06:04:05.373Z,1008.792,45.696,22.054,0.6517,4.954,0.6423,0.3653,128.98,0.1624,0.2927,0.1167,0.039,444.78,2.05,1.345,0.01472,0.4487,0.5362,0.1322,1.8907,10.085,8.327,0.00198,0.001996,0.002347,0.003662,0.005049,0.015591,4.2575,0.002106,0.002253,0.001952,0.00365,0.004078,0.015534,4.2559,0.00224,0.001917,0.002174,0.003663,0.004865,0.014768,4.0317,0.0101,32.872,0.039133,3.8746,0.01246,33.719,0.044331,3.5579,0.016061,36.411,0.069461,4.3248
2026-09-28T06:06:00.000Z,2026-09-28T06:06:00.702Z,1008.1,50.318,22.109,0.7012,4.652,0.4944,0.3115,132.11,0.3385,0.2271,0.1021,0.0575,448.93,1.92,1.3284,0.01445,0.5799,0.4318,0.1365,1.8181,14.937,10.207,0.000964,0.00218,0.002538,0.003482,0.003931,0.011707,3.3621,0.001635,0.001403,0.002711,0.003463,0.004567,0.013321,3.8467,0.002272,0.001973,0.001953,0.003587,0.004873,0.010751,2.9972,0.011569,33.666,0.041124,3.5547,0.013045,34.174,0.062722,4.8081,0.012238,31.892,0.047432,3.8758
2026-09-28T06:08:00.000Z,2026-09-28T06:08:00.573Z,1009.198,46.032,22.762,0.7755,5.56,0.4509,0.2447,124.81,0.3717,0.2621,0.0368,0.09,455.86,2.63,0.7986,0.02146,0.8798,0.313,0.0902,1.836,12.678,8.985,0.001341,0.001642,0.002397,0.0032,0.004081,0.011218,3.5056,0.001794,0.002211,0.002119,0.003549,0.004927,0.009441,2.6602,0.002317,0.002742,0.002201,0.004211,0.004784,0.018025,4.2805,0.008041,30.138,0.032554,4.0485,0.01403,33.784,0.053412,3.807,0.01193,34.153,0.051185,4.2904
2026-09-28T06:10:00.000Z,2026-09-28T06:10:00.332Z,1008.428,47.669,22.338,0.9766,5.266,0.4612,0.022,134.54,0.439,0.2494,0.1054,0.0653,488.7,1.88,1.1394,0.0167,0.6245,0.5585,0.1342,1.6048,13.148,10.265,0.012256,0.020145,0.019122,0.030359,0.034446,0.082397,2.7141,0.013316,0.010969,0.015893,0.023457,0.030059,0.092309,3.9352,0.015904,0.019946,0.016573,0.030421,0.041725,0.127531,4.1922,0.038888,43.082,0.097565,2.5089,0.036543,43.444,0.115289,3.1549,0.031194,41.812,0.111338,3.5692
2026-09-28T06:12:00.000Z,2026-09-28T06:12:00.083Z,1009.492,47.98,22.676,0.7556,5.983,0.3861,0.325,130.44,0.3234,0.37,0.117,0.0119,470.81,2.03,1.0003,0.02233,0.5469,0.1961,0.1037,2.2318,15.09,10.187,0.003083,0.001837,0.002499,0.004373,0.005777,0.013838,3.1644,0.001909,0.00298,0.001945,0.004038,0.005489,0.016643,4.1216,0.001889,0.00305,0.003347,0.004906,0.00666,0.014448,2.945,0.013822,35.263,0.045101,3.263,0.006955,29.048,0.017799,2.5592,0.007931,30.299,0.036965,4.6608
2026-09-28T06:14:00.000Z,2026-09-28T06:14:02.756Z,1009.344,45.867,22.39,1.0575,5.218,0.5459,0.2852,133.45,0.3884,0.2958,0.0945,0.0666,474.66,2.15,0.828,0.0153,0.4111,0.3016,0.1846,1.986,15.892,10.613,0.002015,0.001811,0.001431,0.003064,0.003987,0.009892,3.2285,0.002802,0.002377,0.002149,0.004257,0.005766,0.01677,3.9394,0.002456,0.00184,0.002891,0.004216,0.005154,0.013933,3.3048,0.009557,32.107,0.033938,3.5511,0.014199,34.495,0.067545,4.757,0.008101,29.609,0.03135,3.8699
2026-09-28T06:16:00.000Z,2026-09-28T06:16:00.339Z,1009.557,45.162,22.483,0.725,5.652,0.5256,0.3882,142.82,0.2963,0.2622,0.1111,0.0218,464.57,1.93,1.3178,0.02005,0.3206,0.4106,0.1763,2.2222,10.046,8.969,0.002182,0.001273,0.002833,0.003796,0.004397,0.014777,3.8928,0.001552,0.002016,0.002365,0.003474,0.004604,0.014035,4.04,0.001947,0.002495,0.002792,0.00422,0.004865,0.018635,4.4159,0.009043,31.09,0.028241,3.123,0.011919,32.625,0.053678,4.5036,0.005588,24.364,0.022288,3.9885
2026-09-28T06:18:00.000Z,2026-09-28T06:18:05.511Z,1009.037,45.78,22.324,0.8849,3.43,0.4368,0.2964,118.0,0.3956,0.2951,0.0668,0.0241,447.81,2.18,0.9876,0.02198,0.4787,0.4776,0.1289,2.3386,13.049,9.495,0.001941,0.00179,0.001772,0.00318,0.003895,0.009265,2.9135,0.002412,0.000859,0.003026,0.003964,0.005055,0.015424,3.891,0.002635,0.001199,0.002352,0.00373,0.004497,0.014946,4.007,0.010223,33.69,0.036267,3.5476,0.004085,24.204,0.016373,4.0081,0.00623,28.019,0.022363,3.5896
2026-09-28T06:20:00.000Z,2026-09-28T06:20:00.572Z,1009.32,49.527,22.677,0.9545,5.006,0.5106,0.2865,128.73,0.2986,0.2978,0.1424,0.0549,481.69,2.51,1.1856,0.02152,0.5255,0.4864,0.1528,1.7078,10.175,9.064,0.002103,0.002058,0.000108,0.002944,0.003547,0.011188,3.8003,0.001366,0.00217,0.001545,0.002994,0.003971,0.013171,4.3991,0.002038,0.002116,0.002579,0.003909,0.005085,0.014182,3.628,0.011274,33.352,0.0498,4.4172,0.014558,35.937,0.063616,4.3698,0.013566,36.04,0.066634,4.9118
2026-09-28T06:22:00.000Z,2026-09-28T06:22:00.704Z,1009.96,48.049,22.63,0.5744,4.306,0.5958,0.4088,138.4,0.3677,0.2301,0.1082,0.0114,466.57,2.19,1.3476,0.01911,0.4272,0.4866,0.1174,2.2588,12.505,7.869,0.003203,0.00294,0.001658,0.004653,0.006106,0.015685,3.3709,0.001152,0.001842,0.000851,0.002333,0.002755,0.009604,4.1166,0.00133,0.001836,0.001506,0.002722,0.003213,0.011442,4.2035,0.011915,33.729,0.056049,4.7041,0.008883,31.014,0.035761,4.0258,0.013351,34.335,0.06178,4.6274
2026-09-28T06:24:00.000Z,2026-09-28T06:24:00.441Z,1009.981,50.697,22.705,1.1842,5.375,0.4233,0.4942,133.91,0.537,0.2991,0.0496,0.0524,466.84,1.91,0.6457,0.02051,0.5708,0.4391,0.1378,1.7604,10.497,8.052,0.001114,0.002448,0.001946,0.00332,0.003922,0.009969,3.0027,0.002817,0.002285,0.00267,0.004504,0.005116,0.016087,3.5717,0.002029,0.001617,0.002545,0.003634,0.004787,0.016183,4.4532,0.013375,33.72,0.036799,2.7513,0.009623,31.913,0.028374,2.9486,0.012024,34.832,0.038306,3.1858
2026-09-28T06:26:00.000Z,2026-09-28T06:26:03.990Z,1010.036,48.085,22.903,1.0516,4.813,0.5911,0.225,122.77,0.4206,0.2578,0.1089,0.0713,470.52,2.47,0.818,0.0263,0.5759,0.4537,0.1575,1.7643,12.444,8.942,0.001988,0.001167,0.001743,0.00289,0.003375,0.010245,3.545,0.001382,0.002199,0.003563,0.004409,0.005254,0.016499,3.7421,0.000598,0.00124,0.001774,0.002246,0.003109,0.006548,2.9154,0.011069,34.308,0.032019,2.8927,0.010546,32.812,0.026436,2.5067,0.006166,28.211,0.019905,3.2282
2026-09-28T06:28:00.000Z,2026-09-28T06:28:00.295Z,1009.7,46.391,23.162,1.1779,4.907,0.396,0.2167,143.96,0.3574,0.1667,0.088,0.0814,463.39,2.52,1.0523,0.01706,0.6866,0.3252,0.1361,2.3254,12.982,10.724,0.000636,0.001754,0.00241,0.003048,0.003389,0.010254,3.3642,0.0018,0.002409,0.003688,0.004759,0.006428,0.017372,3.6503,0.002833,0.004251,0.001681,0.005378,0.007,0.016344,3.039,0.014881,35.873,0.054706,3.6762,0.006126,25.93,0.018095,2.9538,0.006339,27.315,0.02364,3.7293
2026-09-28T06:30:00.000Z,2026-09-28T06:30:00.270Z,1010.517,47.402,22.802,0.8422,7.114,0.4427,0.4873,140.22,0.2836,0.1999,0.1073,0.0264,516.23,2.09,1.1362,0.0273,0.4869,0.3004,0.1391,2.1087,13.638,10.582,0.00116,0.002218,0.003125,0.004004,0.005519,0.013518,3.3761,0.001902,0.001711,0.00321,0.004105,0.00481,0.011563,2.8168,0.001862,0.001278,0.002161,0.003126,0.003526,0.014019,4.4846,0.01285,33.599,0.035899,2.7937,0.011739,32.371,0.050378,4.2915,0.007606,29.579,0.034887,4.5868
2026-09-28T06:32:00.000Z,2026-09-28T06:32:33.279Z,1010.16,48.6,23.43,0.8784,7.264,0.3626,0.2768,153.7,0.1992,0.3213,0.0445,0.0482,479.95,2.65,0.3691,0.01041,0.4321,0.4037,0.1143,1.9337,10.802,8.204,0.001831,0.002349,0.002147,0.003672,0.004296,0.014876,4.0512,0.001261,0.002954,0.002669,0.004176,0.005477,0.017217,4.1228,0.001332,0.002581,0.003126,0.004267,0.005328,0.010983,2.5739,0.002384,20,0.011143,4.6741,0.009942,32.707,0.037928,3.8149,0.007703,28.19,0.027153,3.525
2026-09-28T06:34:00.000Z,2026-09-28T06:34:00.507Z,1010.774,50.698,23.47,0.946,5.351,0.3644,0.3934,121.53,0.462,0.2046,0.0806,0.0791,486.24,1.82,1.0734,0.02042,0.3164,0.2347,0.2163,1.992,12.406,9.222,0.002452,0.001534,0.001953,0.00349,0.003887,0.014282,4.0923,0.000782,0.001843,0.00296,0.003573,0.004086,0.012728,3.5623,0.001026,0.001572,0.002517,0.00314,0.004274,0.011742,3.7395,0.011066,33.007,0.031624,2.8578,0.016616,35.668,0.052146,3.1383,0.010555,34.273,0.050168,4.753
2026-09-28T06:36:00.000Z,2026-09-28T06:36:00.426Z,1010.901,50.896,23.212,1.1463,5.233,0.4195,0.2999,157.48,0.4309,0.3061,0.078,0.0515,468.67,2.28,1.1671,0.01981,0.6742,0.3798,0.1421,2.383,10.518,9.038,0.001448,0.001564,0.002806,0.003524,0.004721,0.013089,3.7142,0.001721,0.001488,0.003083,0.003832,0.004929,0.014774,3.8554,0.00184,0.001134,0.002845,0.003573,0.004899,0.013551,3.7926,0.006413,27.751,0.025325,3.949,0.013015,34.241,0.04214,3.2378,0.008704,30.785,0.024636,2.8304
2026-09-28T06:38:00.000Z,2026-09-28T06:38:00.244Z,1011.226,49.443,23.754,0.8447,5.873,0.6864,0.1559,141.15,0.398,0.1954,0.1577,0.084,512.95,3.08,1.2048,0.01382,0.8113,0.3671,0.1628,1.7304,12.797,9.959,0.001139,0.002251,0.002027,0.003236,0.004358,0.014176,4.3807,0.001298,0.00234,0.002676,0.003784,0.004191,0.016152,4.2685,0.000765,0.001498,0.002439,0.002963,0.003992,0.012797,4.3189,0.011067,32.551,0.031535,2.8495,0.01291,35.022,0.048174,3.7315,0.009153,32.943,0.025987,2.8392
2026-09-28T06:40:00.000Z,2026-09-28T06:40:00.699Z,1010.763,47.829,23.697,0.9479,5.972,0.4421,0.2686,142.33,0.2978,0.2541,0.1074,0.0485,478.85,2.74,1.3745,0.01699,0.6481,0.4889,0.0439,1.7716,13.019,9.237,0.002838,0.002809,0.001551,0.004284,0.005537,0.015826,3.6942,0.002248,0.003045,0.002541,0.004559,0.005348,0.012546,2.7519,0.001792,0.001911,0.002439,0.003579,0.004169,0.015173,4.2395,0.007965,29.756,0.037844,4.7513,0.011493,35.186,0.03289,2.8617,0.010106,32.612,0.029674,2.9363
2026-09-28T06:42:00.000Z,2026-09-28T06:42:00.538Z,1011.186,50.267,23.604,0.9019,5.768,0.5554,0.4246,146.22,0.2367,0.2338,0.0485,0.0552,484.62,2.51,0.5178,0.01971,0.7021,0.4471,0.1826,1.7298,10.774,7.102,0.001397,0.00208,0.002128,0.003287,0.004513,0.008701,2.6471,0.001359,0.002718,0.002799,0.004131,0.004625,0.0126,3.0501,0.001493,0.001439,0.001517,0.002569,0.003235,0.008754,3.4076,0.018637,37.047,0.07929,4.2544,0.009157,32.108,0.040496,4.4224,0.006524,28.163,0.023675,3.6289
2026-09-28T06:44:00.000Z,2026-09-28T06:44:00.228Z,1011.093,51.845,23.557,1.0516,4.764,0.5657,0.2676,145.87,0.433,0.2396,0.1065,0.0423,513.76,2.82,1.0965,0.0141,0.3681,0.3336,0.1402,2.1344,13.28,9.103,0.002648,0.001293,0.003197,0.004348,0.005241,0.015896,3.6559,0.00184,0.002204,0.003253,0.004339,0.005065,0.011787,2.7165,0.002324,0.001526,0.002462,0.003714,0.004985,0.015563,4.1904,0.006093,29.52,0.024579,4.034,0.009118,31.054,0.043973,4.8227,0.009459,31.895,0.027914,2.9511
2026-09-28T06:46:00.000Z,2026-09-28T06:46:00.226Z,1011.299,51.938,24.103,1.0382,5.207,0.459,0.3712,153.67,0.5625,0.269,0.1068,0.0704,487.52,2.81,0.9385,0.01148,0.4539,0.3826,0.1721,2.057,10.929,8.939,0.001636,0.001411,0.001952,0.002912,0.003863,0.007943,2.7277,0.002171,0.001557,0.002609,0.003734,0.004867,0.012969,3.4732,0.001909,0.001841,0.001758,0.003182,0.003508,0.009873,3.1028,0.012482,34.057,0.039178,3.1388,0.011582,33.217,0.050585,4.3676,0.01033,32.722,0.043997,4.2591
2026-09-28T06:48:00.000Z,2026-09-28T06:48:00.618Z,1011.799,48.525,24.121,1.1657,6.363,0.5051,0.4401,134.05,0.284,0.2141,0.0921,0.0299,499.33,2.63,0.8372,0.02802,0.333,0.2723,0.165,1.9378,13.233,10.852,0.001405,0.00191,0.002198,0.003233,0.003879,0.00917,2.8364,0.002508,0.001705,0.002381,0.003856,0.004832,0.016626,4.3117,0.001434,0.002785,0.002863,0.004244,0.004969,0.011853,2.7929,0.004998,26.418,0.021994,4.4006,0.013853,34.482,0.061398,4.4321,0.008447,28.859,0.037164,4.3997
2026-09-28T06:50:00.000Z,2026-09-28T06:50:00.415Z,1011.996,50.2,23.642,0.8858,7.142,0.3942,0.3175,147.41,0.3206,0.2681,0.0984,0.0567,485.78,2.6,0.9346,0.02051,0.5235,0.3652,0.2017,1.5557,11.578,9.364,0.000998,0.001644,0.00292,0.003496,0.004695,0.013298,3.8038,0.001601,0.001704,0.003014,0.003815,0.004369,0.01001,2.6239,0.003023,0.002778,0.001874,0.004513,0.005647,0.01284,2.8451,0.013954,34.909,0.050214,3.5985,0.013219,33.842,0.045369,3.4321,0.009749,31.569,0.032619,3.3459
2026-09-28T06:52:00.000Z,2026-09-28T06:52:00.650Z,1011.882,49.193,23.97,1.0786,5.903,0.4264,0.2808,130.75,0.5691,0.1823,0.0802,0.0729,509.12,2.85,1.3033,0.01844,0.3744,0.4844,0.1819,1.9019,13.238,8.999,0.001458,0.001012,0.002336,0.002934,0.003691,0.011126,3.7921,0.00109,0.001496,0.002663,0.003243,0.00392,0.009277,2.8606,0.002325,0.003421,0.001972,0.004582,0.005229,0.012162,2.6543,0.010185,32.417,0.045091,4.4272,0.008851,31.997,0.022963,2.5944,0.004646,24.457,0.013137,2.8276
2026-09-28T06:54:00.000Z,2026-09-28T06:54:00.764Z,1012.193,53.905,23.996,0.7892,6.842,0.5925,0.1982,153.96,0.4085,0.3148,0.0891,0.0824,484.37,2.77,0.8672,0.02847,0.2765,0.4367,0.0846,2.537,14.818,11.927,0.001459,0.002497,0.003481,0.004526,0.006067,0.012568,2.7768,0.001767,0.002,0.003259,0.004212,0.005738,0.015201,3.609,0.002928,0.002697,0.002692,0.004806,0.006387,0.014637,3.0456,0.008022,30.553,0.028829,3.5937,0.009051,31.803,0.032835,3.6278,0.009298,31.232,0.024483,2.6331
2026-09-28T06:56:00.000Z,2026-09-28T06:56:00.447Z,1012.101,56.513,23.974,1.093,8.072,0.4195,0.2167,132.44,0.4534,0.2875,0.1222,0.0229,518.62,3.03,0.9805,0.02016,0.5811,0.4367,0.1757,1.6742,12.255,10.467,0.00188,0.002493,0.002998,0.004329,0.005793,0.01478,3.4142,0.002185,0.002999,0.003235,0.004923,0.006297,0.012469,2.5328,0.001556,0.001957,0.002794,0.003749,0.004815,0.011176,2.9811,0.012493,32.654,0.033906,2.714,0.012219,34.11,0.046617,3.8151,0.009822,28.864,0.038162,3.8854
2026-09-28T06:58:00.000Z,2026-09-28T06:58:00.365Z,1011.711,52.281,24.217,1.0617,8.13,0.518,0.2271,160.99,0.281,0.1756,0.0975,0.0321,523.19,2.79,1.0482,0.01714,0.5244,0.2901,0.131,1.6007,13.582,10.917,0.001517,0.002131,0.002785,0.003821,0.004251,0.016685,4.3667,0.002109,0.000204,0.002226,0.003073,0.003881,0.009239,3.0065,0.002008,0.001609,0.001749,0.003111,0.00423,0.009843,3.1639,0.01409,35.658,0.066557,4.7237,0.012026,33.513,0.041689,3.4666,0.003641,24.379,0.013631,3.7438
2026-09-28T07:00:00.000Z,2026-09-28T07:00:03.836Z,1012.185,52.835,23.816,1.262,7.061,0.5551,0.2097,146.52,0.4368,0.2227,0.0782,0.0332,497.07,2.6,0.827,0.02975,0.5638,0.1869,0.2634,1.871,17.52,14.146,0.001924,0.001296,0.003216,0.003965,0.00517,0.017468,4.4055,0.002512,0.002641,0.002431,0.004381,0.004907,0.017774,4.0571,0.001843,0.001606,0.002839,0.003746,0.004758,0.013898,3.7101,0.006847,26.51,0.023485,3.43,0.010322,30.973,0.039468,3.8237,0.006517,29.147,0.020359,3.124
2026-09-28T07:02:00.000Z,2026-09-28T07:02:00.373Z,1012.001,50.793,24.344,1.0815,7.225,0.1837,0.3888,144.08,0.6173,0.2194,0.1008,0.0632,494.89,2.99,0.871,0.02645,0.5952,0.4496,0.121,1.9368,12.228,11.261,0.001669,0.001673,0.001065,0.002592,0.003347,0.010595,4.0876,0.001695,0.001983,0.002499,0.003613,0.004831,0.009222,2.5524,0.002313,0.001457,0.002208,0.003514,0.004713,0.012662,3.6033,0.009028,30.837,0.029551,3.2733,0.014779,35.389,0.056371,3.8143,0.010671,30.716,0.028645,2.6844
2026-09-28T07:04:00.000Z,2026-09-28T07:04:04.390Z,1012.028,53.132,24.0,1.3522,6.756,0.3597,0.3864,173.42,0.1996,0.3042,0.1145,0.0535,514.6,2.89,0.8614,0.02705,0.3381,0.5959,0.2111,1.6442,15.386,10.966,0.00236,0.002361,0.001707,0.003749,0.004314,0.016433,4.3833,0.001852,0.002498,0.003125,0.004409,0.005803,0.016359,3.7104,0.002424,0.001354,0.002466,0.003714,0.004136,0.01405,3.783,0.009359,30.139,0.041342,4.4174,0.00798,28.804,0.029886,3.7451,0.012143,33.11,0.059399,4.8916
2026-09-28T07:06:00.000Z,2026-09-28T07:06:00.251Z,1012.716,50.457,24.258,1.16,7.522,0.5396,0.2462,151.08,0.3321,0.2177,0.0904,0.0181,537.01,2.13,1.1311,0.02352,0.4026,0.3669,0.1191,2.0495,14.5,11.049,0.001381,0.002552,0.002413,0.003774,0.004332,0.011906,3.1547,0.003201,0.001541,0.002156,0.004156,0.005523,0.014532,3.4966,0.001298,0.001935,0.002353,0.003311,0.004581,0.011625,3.511,0.010606,33.192,0.035872,3.3822,0.009566,32.725,0.045016,4.7058,0.011095,32.264,0.042624,3.8417
2026-09-28T07:08:00.000Z,2026-09-28T07:08:00.167Z,1012.1,54.077,24.284,0.8585,5.881,0.5755,0.2524,148.27,0.3631,0.2423,0.049,0.0491,503.8,3.66,0.9574,0.01772,0.6186,0.3844,0.1601,1.7378,15.347,12.975,0.001295,0.00196,0.002713,0.003589,0.004306,0.012373,3.4475,0.002091,0.001211,0.002619,0.003563,0.00447,0.011245,3.156,0.001729,0.001767,0.003382,0.004189,0.004984,0.013291,3.1728,0.00971,32.327,0.04148,4.2719,0.00674,28.007,0.023057,3.4209,0.01525,34.378,0.060379,3.9593
2026-09-28T07:10:00.000Z,2026-09-28T07:10:00.220Z,1012.689,50.671,24.604,1.1457,8.297,0.4641,0.3172,138.78,0.3763,0.1719,0.1202,0.0747,492.46,2.4,1.181,0.02605,0.7863,0.448,0.156,2.0374,14.433,10.905,0.001124,0.002553,0.00347,0.004452,0.00588,0.011685,2.6247,0.001416,0.002265,0.002712,0.003807,0.004559,0.01456,3.8245,0.001486,0.001917,0.003014,0.003869,0.004653,0.012414,3.2086,0.01586,36.226,0.065157,4.1083,0.005253,25.93,0.015657,2.9806,0.006141,27.793,0.018805,3.0622
2026-09-28T07:12:00.000Z,2026-09-28T07:12:02.839Z,1013.237,52.842,24.559,1.0871,5.779,0.3645,0.4516,154.61,0.3233,0.315,0.1312,0.0093,543.53,3.12,0.5478,0.02139,0.4064,0.3629,0.2115,1.8155,15.256,12.302,0.002685,0.000646,0.002065,0.003448,0.004513,0.009567,2.7747,0.001404,0.00147,0.002442,0.003177,0.004001,0.011996,3.7759,0.002892,0.002586,0.002601,0.004671,0.006143,0.012617,2.7011,0.01004,31.934,0.038914,3.8759,0.012767,33.681,0.061761,4.8375,0.012468,33.128,0.037387,2.9986
2026-09-28T07:14:00.000Z,2026-09-28T07:14:02.945Z,1012.546,50.641,24.693,1.2341,5.085,0.4649,0.4631,144.4,0.4938,0.3606,0.1303,0.0901,531.01,2.82,0.5304,0.02034,0.7661,0.3462,0.1539,1.9714,13.579,10.776,0.001611,0.003761,0.001726,0.004441,0.006136,0.018662,4.2022,0.001812,0.001615,0.002478,0.003469,0.003933,0.0098,2.825,0.001553,0.002118,0.002782,0.003826,0.005116,0.01391,3.6357,0.014512,35.263,0.067341,4.6404,0.008138,31.705,0.030828,3.7882,0.006613,29.68,0.019587,2.9619
2026-09-28T07:16:00.000Z,2026-09-28T07:16:00.592Z,1012.931,54.4,24.506,1.2451,6.736,0.2519,0.2589,168.72,0.5453,0.2563,0.0962,0.0433,526.55,3.01,0.8042,0.02331,0.6479,0.3045,0.1425,2.1391,14.801,12.222,0.002062,0.002315,0.002969,0.004293,0.005502,0.014303,3.3317,0.002817,0.001355,0.002194,0.003819,0.004817,0.01462,3.8282,0.002089,0.002444,0.002436,0.004034,0.004536,0.013689,3.3934,0.003907,23.721,0.015278,3.9104,0.008841,32.096,0.033275,3.7637,0.01143,32.65,0.037951,3.3203
2026-09-28T07:18:00.000Z,2026-09-28T07:18:00.337Z,1013.267,54.205,24.482,1.1084,4.89,0.4882,0.2081,157.57,0.3668,0.2555,0.0471,0.0585,515.69,2.56,1.1342,0.01244,0.4678,0.3856,0.1419,2.0902,17.125,14.211,0.002139,0.001938,0.001537,0.00327,0.004348,0.014573,4.4566,0.002557,0.001619,0.001903,0.003575,0.004997,0.011672,3.2649,0.002892,0.001045,0.001755,0.003541,0.004598,0.012672,3.5787,0.013201,33.885,0.038893,2.9462,0.007721,28.56,0.033352,4.3196,0.009146,31.239,0.023385,2.5569
2026-09-28T07:20:00.000Z,2026-09-28T07:20:00.420Z,1013.022,51.992,24.233,1.0907,6.746,0.5922,0.2698,177.88,0.3924,0.221,0.1114,0.0306,522.42,2.25,1.1352,0.02033,0.5253,0.4155,0.099,1.7304,16.838,13.344,0.002041,0.002418,0.002534,0.004054,0.005072,0.01248,3.0784,0.001846,0.002391,0.001509,0.003377,0.004038,0.012481,3.6959,0.001753,0.001534,0.002293,0.003269,0.004243,0.009618,2.9422,0.011581,33.164,0.056415,4.8713,0.011011,34.439,0.04476,4.065,0.005468,25.707,0.026961,4.9307
2026-09-28T07:22:00.000Z,2026-09-28T07:22:04.521Z,1013.428,54.081,24.466,1.0778,7.043,0.3804,0.3939,135.97,0.4322,0.2205,0.1447,0.0652,489.04,2.15,0.7997,0.01749,0.4773,0.403,0.1769,1.5902,12.607,9.355,0.001783,0.002173,0.002842,0.003997,0.005205,0.014812,3.7058,0.002272,0.001724,0.002471,0.003774,0.004784,0.013053,3.4587,0.001039,0.002368,0.002005,0.003272,0.004539,0.00828,2.5306,0.017084,35.668,0.047721,2.7933,0.013425,34.555,0.041705,3.1065,0.008392,30.065,0.040179,4.7878
2026-09-28T07:24:00.000Z,2026-09-28T07:24:00.439Z,1013.056,52.526,24.633,1.1433,7.978,0.4544,0.3006,166.82,0.3868,0.3211,0.0438,0.0358,532.54,2.69,0.9458,0.02236,0.574,0.5207,0.129,1.8501,14.435,11.906,0.002514,0.001125,0.002404,0.003656,0.004773,0.011022,3.0148,0.00268,0.000592,0.001962,0.003374,0.003882,0.013799,4.0898,0.001458,0.002465,0.003237,0.004322,0.005387,0.018731,4.3339,0.005851,26.97,0.015487,2.6469,0.015679,36.315,0.076247,4.863,0.007493,28.012,0.026458,3.531
2026-09-28T07:26:00.000Z,2026-09-28T07:26:00.445Z,1013.882,55.804,24.721,1.0156,7.797,0.4308,0.204,144.6,0.4122,0.3259,0.1016,0.0745,523.58,2.77,1.5442,0.02911,0.5236,0.3168,0.0856,2.1204,14.771,11.304,0.002194,0.000913,0.002218,0.003251,0.003837,0.010708,3.2938,0.001572,0.002438,0.000725,0.00299,0.003492,0.011566,3.8682,0.001275,0.002504,0.001686,0.003277,0.004448,0.013171,4.0192,0.012439,34.437,0.048285,3.8817,0.010388,32.378,0.030421,2.9285,0.0068,28.651,0.030334,4.4609
2026-09-28T07:28:00.000Z,2026-09-28T07:28:00.470Z,1013.377,53.7,24.73,1.2379,8.781,0.5864,0.241,160.31,0.4113,0.3648,0.071,0.0452,521.58,3.15,0.9248,0.02646,0.4617,0.4022,0.0868,1.9036,15.328,11.941,0.002379,0.00102,0.00322,0.004131,0.004955,0.01657,4.0111,0.003143,0.003381,0.002286,0.005151,0.007172,0.013431,2.6075,0.001302,0.000942,0.002841,0.003264,0.003924,0.01318,4.038,0.012895,33.927,0.057175,4.4339,0.012356,33.985,0.061551,4.9815,0.007191,29.191,0.034897,4.8529
2026-09-28T07:30:00.000Z,2026-09-28T07:30:00.242Z,1013.145,56.027,24.914,1.24,5.339,0.5504,0.3228,153.57,0.2623,0.2466,0.0739,0.0516,524.86,2.82,1.1764,0.01967,0.5635,0.4418,0.1903,1.7108,15.203,11.281,0.002092,0.001566,0.002093,0.003348,0.00407,0.010324,3.0836,0.001808,0.002164,0.003459,0.004463,0.006219,0.016263,3.644,0.001242,0.002284,0.002914,0.003905,0.004458,0.012114,3.1022,0.008916,31.019,0.031979,3.5867,0.006963,29.403,0.018747,2.6924,0.009976,32.732,0.040528,4.0626
2026-09-28T07:32:00.000Z,2026-09-28T07:32:00.439Z,1013.736,53.104,25.26,1.0703,8.077,0.5298,0.2326,148.01,0.5584,0.3531,0.0373,0.0615,534.64,3.12,0.9564,0.01493,0.7853,0.4814,0.1435,1.8818,12.76,10.422,0.001795,0.002243,0.001852,0.003418,0.003877,0.012399,3.6276,0.001369,0.001587,0.002085,0.002956,0.004097,0.010119,3.4232,0.00131,0.001833,0.001777,0.002869,0.003407,0.011148,3.8857,0.012245,32.142,0.043137,3.5228,0.00575,27.2,0.017854,3.105,0.007419,28.076,0.033183,4.4727
2026-09-28T07:34:00.000Z,2026-09-28T07:34:00.685Z,1013.636,52.979,24.967,1.379,6.15,0.3297,0.2617,144.21,0.5642,0.1667,0.0902,0.0795,538.48,2.79,0.8434,0.01909,0.4712,0.5496,0.1438,1.595,16.99,12.953,0.008003,0.005478,0.010096,0.013999,0.017837,0.051103,3.6505,0.006169,0.009445,0.010785,0.015607,0.019511,0.049785,3.1899,0.005188,0.009784,0.010491,0.015255,0.018684,0.06748,4.4235,0.023013,39.038,0.075476,3.2797,0.019506,37.992,0.072315,3.7073,0.018283,37.401,0.077555,4.2419
2026-09-28T07:36:00.000Z,2026-09-28T07:36:00.258Z,1014.226,56.698,25.111,1.0455,5.697,0.6473,0.4974,158.28,0.4619,0.2911,0.1325,0.064,523.27,2.79,1.0718,0.01662,0.4014,0.5357,0.1601,2.1306,15.128,13.324,0.002603,0.002016,0.001309,0.003543,0.003964,0.009579,2.7036,0.002268,0.001722,0.002095,0.003535,0.004167,0.014936,4.2252,0.002589,0.001156,0.002252,0.003621,0.004632,0.01348,3.7227,0.00763,29.17,0.035203,4.6138,0.005929,26.227,0.025287,4.265,0.008783,32.193,0.023818,2.7118
2026-09-28T07:38:00.000Z,2026-09-28T07:38:00.557Z,1013.926,55.53,25.157,1.0278,6.847,0.5637,0.36,163.93,0.5307,0.2199,0.0595,0.0754,526.69,2.79,1.0072,0.01784,0.6207,0.489,0.1625,2.1623,15.901,11.874,0.000582,0.001089,0.002429,0.002725,0.003337,0.01139,4.1798,0.001751,0.002018,0.003396,0.004321,0.005132,0.013178,3.0498,0.002196,0.001646,0.002315,0.00359,0.004442,0.014306,3.985,0.010378,31.065,0.028882,2.783,0.013905,35.999,0.063382,4.5582,0.006262,29.315,0.016306,2.604
2026-09-28T07:40:00.000Z,2026-09-28T07:40:00.325Z,1013.535,56.919,25.124,1.1874,6.091,0.6093,0.2996,147.94,0.55,0.0721,0.1358,0.0524,516.39,3.11,0.7528,0.01535,0.6525,0.3595,0.1321,2.1309,15.584,12.49,0.002202,0.001855,0.003132,0.004254,0.005092,0.016625,3.9081,0.001884,0.002459,0.003496,0.004671,0.00609,0.012567,2.6904,0.000641,0.003024,0.002156,0.003769,0.005185,0.016904,4.485,0.011049,32.48,0.051546,4.6652,0.01001,33.585,0.045758,4.5712,0.010325,30.78,0.038447,3.7237
2026-09-28T07:42:00.000Z,2026-09-28T07:42:00.369Z,1014.142,52.694,25.001,1.2373,6.642,0.4196,0.2937,167.73,0.3626,0.3008,0.0918,0.0845,528.19,2.92,0.6778,0.01286,0.5458,0.3773,0.1613,1.7946,14.085,11.709,0.002177,0.002257,0.00192,0.003677,0.004682,0.013356,3.6323,0.001452,0.002051,0.002322,0.003421,0.003865,0.013916,4.0678,0.001828,0.001701,0.002478,0.003518,0.004775,0.0119,3.3826,0.017555,36.899,0.052767,3.0058,0.009399,30.969,0.038771,4.125,0.013772,36.734,0.043864,3.185
2026-09-28T07:44:00.000Z,2026-09-28T07:44:00.399Z,1014.158,55.524,24.866,1.0894,7.474,0.4772,0.2445,150.4,0.2707,0.3183,0.1002,0.0596,536.21,2.96,0.9753,0.01691,0.2916,0.5045,0.1469,2.0776,14.05,12.252,0.002652,0.00152,0.003541,0.004678,0.005338,0.018931,4.0468,0.002006,0.001679,0.002733,0.003783,0.004763,0.009522,2.517,0.001985,0.00162,0.001877,0.003176,0.004182,0.01193,3.7563,0.011795,34.273,0.049733,4.2164,0.010814,32.352,0.029751,2.7512,0.010062,30.719,0.034815,3.46
2026-09-28T07:46:00.000Z,2026-09-28T07:46:02.915Z,1014.054,55.763,25.169,1.2895,5.86,0.4196,0.3222,144.27,0.4846,0.1782,0.0884,0.0729,503.81,2.95,0.9811,0.02161,0.7392,0.2512,0.1304,2.0047,13.325,10.322,0.003749,0.001753,0.002692,0.004937,0.006706,0.017955,3.6368,0.001871,0.001397,0.003081,0.003866,0.005137,0.017045,4.4089,0.002014,0.001891,0.002826,0.003952,0.004394,0.010358,2.621,0.010963,33.089,0.044635,4.0714,0.006542,27.278,0.027833,4.2545,0.00998,33.06,0.04032,4.0401
2026-09-28T07:48:00.000Z,2026-09-28T07:48:00.553Z,1013.794,56.546,25.068,1.4559,6.006,0.4774,0.1991,145.34,0.3845,0.2299,0.0846,0.0193,531.97,2.9,1.183,0.02275,0.3426,0.4396,0.126,2.4598,14.412,11.915,0.001892,0.001658,0.003098,0.003991,0.005328,0.015731,3.9416,0.001788,0.002156,0.002671,0.00387,0.005164,0.011755,3.0375,0.002779,0.001325,0.00347,0.004639,0.005481,0.01219,2.6277,0.010998,32.519,0.029614,2.6927,0.006176,26.906,0.023154,3.749,0.010788,31.785,0.03385,3.1377
2026-09-28T07:50:00.000Z,2026-09-28T07:50:00.302Z,1013.519,53.838,25.007,1.3738,8.901,0.5545,0.3031,170.95,0.3577,0.273,0.1538,0.0335,497.91,2.77,0.9878,0.0148,0.4457,0.4934,0.1441,1.7655,16.443,12.989,0.002308,0.001782,0.002967,0.00416,0.005767,0.010973,2.6377,0.000404,0.001523,0.002506,0.00296,0.004006,0.009338,3.1547,0.001928,0.001975,0.002636,0.003817,0.004547,0.014296,3.7453,0.01368,33.417,0.051073,3.7334,0.010902,32.844,0.051797,4.7511,0.008042,30.157,0.020233,2.5159
2026-09-28T07:52:00.000Z,2026-09-28T07:52:00.212Z,1013.997,56.321,25.202,0.938,7.041,0.4984,0.2144,143.54,0.3933,0.2222,0.0783,0.0473,524.3,3.0,1.3154,0.01985,0.7256,0.5244,0.1887,1.7814,13.706,11.626,0.002232,0.002137,0.003143,0.004408,0.004948,0.016026,3.6357,0.002827,0.000579,0.003015,0.004173,0.004887,0.012611,3.022,0.001572,0.002989,0.002102,0.003978,0.004755,0.012109,3.044,0.005341,27.153,0.023767,4.4499,0.010913,32.258,0.031767,2.9109,0.009115,30.197,0.035,3.8398
2026-09-28T07:54:00.000Z,2026-09-28T07:54:02.434Z,1014.046,54.548,25.137,1.2628,7.395,0.4268,0.1622,158.94,0.3729,0.2775,0.0771,0.0627,535.9,2.77,1.189,0.01829,0.4164,0.4251,0.1494,1.7285,15.723,12.732,0.001545,0.002109,0.002089,0.003346,0.003693,0.013922,4.1608,0.002316,0.001965,0.002659,0.004037,0.005204,0.015298,3.7894,0.001482,0.001596,0.00217,0.003074,0.004131,0.007819,2.5436,0.015949,36.905,0.057553,3.6086,0.014493,36.794,0.066282,4.5734,0.009566,31.872,0.03494,3.6525
2026-09-28T07:56:00.000Z,2026-09-28T07:56:00.015Z,1013.742,54.696,25.026,1.1618,6.435,0.5142,0.3502,156.08,0.6037,0.3314,0.109,0.0504,542.43,2.68,1.1329,0.02376,0.5363,0.4434,0.1703,2.2744,12.797,11.023,0.001209,0.003045,0.00233,0.00402,0.004855,0.014428,3.5891,0.000681,0.002127,0.001805,0.002872,0.003314,0.009012,3.1379,0.001991,0.002247,0.003652,0.004728,0.006305,0.012374,2.6172,0.013678,34.655,0.060417,4.4171,0.018104,37.149,0.049792,2.7503,0.008695,30.129,0.039481,4.5407
2026-09-28T07:58:00.000Z,2026-09-28T07:58:01.751Z,1014.209,54.973,25.203,0.9796,5.829,0.6512,0.328,154.84,0.2486,0.1903,0.0785,0.0081,552.9,3.08,1.2437,0.01792,0.4285,0.3751,0.2324,1.9533,14.01,10.968,0.002368,0.002235,0.002543,0.004132,0.004546,0.017915,4.3357,0.00272,0.002095,0.002703,0.00437,0.005747,0.018955,4.3375,0.002296,0.00156,0.00319,0.004229,0.005816,0.017122,4.0487,0.010547,33.594,0.051695,4.9014,0.005105,24.488,0.017811,3.4889,0.015106,36.265,0.042918,2.8411
2026-09-28T08:00:00.000Z,2026-09-28T08:00:00.525Z,1014.504,54.158,25.281,1.1469,8.207,0.734,0.2361,138.44,0.4164,0.2085,0.0842,0.0434,521.99,3.43,1.2251,0.0258,0.7775,0.3229,0.0501,2.6071,15.245,12.301,0.003382,0.001252,0.002541,0.004412,0.006093,0.012271,2.7813,0.002762,0.001987,0.001958,0.003926,0.005476,0.011133,2.8357,0.002194,0.001829,0.002182,0.003594,0.004909,0.012195,3.3932,0.005858,27.283,0.015638,2.6695,0.012263,33.752,0.030697,2.5032,0.011433,31.939,0.056282,4.9228
2026-09-28T08:02:00.000Z,2026-09-28T08:02:00.666Z,1013.706,55.06,24.91,1.1801,5.018,0.5257,0.2289,147.6,0.4204,0.27,0.1142,0.0362,514.52,3.67,1.1091,0.02137,0.3619,0.5144,0.0682,1.8132,17.083,13.342,0.00185,0.002016,0.002737,0.00387,0.00529,0.010891,2.8142,0.001873,0.002327,0.002642,0.003988,0.004614,0.015531,3.8944,0.00183,0.001044,0.002353,0.003158,0.003699,0.008208,2.5991,0.012428,32.165,0.035842,2.884,0.007498,28.821,0.024266,3.2363,0.012431,33.179,0.037283,2.9992
2026-09-28T08:04:00.000Z,2026-09-28T08:04:00.111Z,1014.111,56.081,25.331,1.3418,6.636,0.594,0.1826,160.95,0.5053,0.2907,0.1248,0.0882,518.78,3.24,0.9813,0.02557,0.5141,0.4782,0.2119,2.1893,14.375,11.743,0.000459,0.001589,0.001756,0.002412,0.003262,0.009978,4.1368,0.001593,0.001352,0.002764,0.003465,0.004713,0.011953,3.4496,0.002502,0.001538,0.003539,0.004599,0.006044,0.016116,3.5042,0.013083,35.79,0.054868,4.1938,0.006847,28.342,0.030079,4.393,0.008958,32.388,0.044167,4.9305
2026-09-28T08:06:00.000Z,2026-09-28T08:06:01.037Z,1014.202,56.09,25.204,1.187,8.398,0.4976,0.3312,153.21,0.5877,0.1793,0.1271,0.0581,519.1,3.16,0.9637,0.02546,0.6477,0.2745,0.1152,1.7452,14.402,10.901,0.001139,0.001469,0.003668,0.004112,0.005217,0.011111,2.7021,0.001495,0.001833,0.003124,0.003918,0.004714,0.013015,3.3218,0.001487,0.002464,0.002272,0.003667,0.004337,0.010223,2.7878,0.009476,30.339,0.024609,2.597,0.007089,29.702,0.021933,3.0939,0.008278,30.298,0.039259,4.7426
2026-09-28T08:08:00.000Z,2026-09-28T08:08:00.162Z,1014.072,53.783,24.939,1.3691,6.838,0.4571,0.3292,155.84,0.5068,0.2395,0.1109,0.0359,510.84,3.21,1.0524,0.02319,0.5884,0.2531,0.1548,1.3983,14.516,12.601,0.001733,0.002661,0.003171,0.004488,0.006121,0.01148,2.5579,0.002882,0.002399,0.003462,0.005104,0.006896,0.015307,2.999,0.000708,0.002363,0.002265,0.003349,0.004511,0.011756,3.5103,0.007696,29.386,0.019828,2.5764,0.00884,29.995,0.026025,2.944,0.012893,35.12,0.043506,3.3744
2026-09-28T08:10:00.000Z,2026-09-28T08:10:00.158Z,1014.342,53.38,24.913,1.0827,6.532,0.539,0.1139,148.31,0.49,0.1823,0.0896,0.0358,526.77,3.02,1.0647,0.01161,0.7639,0.4123,0.1174,1.6749,15.92,12.88,0.001465,0.003473,0.002007,0.00427,0.005179,0.013653,3.1974,0.001508,0.001992,0.003073,0.00396,0.005161,0.016429,4.1487,0.001777,0.002168,0.001518,0.003188,0.004313,0.010356,3.2484,0.00968,30.894,0.031423,3.2462,0.006714,28.822,0.033375,4.971,0.010685,31.314,0.033688,3.1528
2026-09-28T08:12:00.000Z,2026-09-28T08:12:00.015Z,1014.123,54.086,25.163,1.4017,8.437,0.3934,0.335,146.7,0.3195,0.1733,0.0921,0.0213,540.64,2.98,0.8271,0.02243,0.6837,0.4345,0.1267,1.9148,14.124,11.826,0.002284,0.000725,0.002063,0.003162,0.00428,0.013221,4.1812,0.00137,0.002271,0.002134,0.003404,0.003844,0.009381,2.7559,0.001941,0.003089,0.002431,0.004384,0.005716,0.013903,3.1713,0.008099,30.962,0.035316,4.3605,0.011496,32.593,0.038262,3.3283,0.014948,35.436,0.06918,4.628
2026-09-28T08:14:00.000Z,2026-09-28T08:14:00.608Z,1014.165,53.355,25.022,1.1735,7.872,0.4246,0.3528,152.08,0.39,0.2691,0.1099,0.0414,533.39,3.28,0.6052,0.0154,0.399,0.423,0.1351,1.4909,13.354,10.244,0.001961,0.001956,0.00225,0.003568,0.004105,0.014375,4.0289,0.003004,0.000983,0.002467,0.00401,0.004517,0.014953,3.7289,0.001592,0.001546,0.002976,0.003712,0.004125,0.01076,2.8987,0.009362,31.31,0.030946,3.3055,0.010361,32.633,0.043432,4.1919,0.00831,29.863,0.035183,4.2338
2026-09-28T08:16:00.000Z,2026-09-28T08:16:00.264Z,1014.072,55.85,24.832,1.1433,7.333,0.4247,0.2673,174.73,0.3253,0.219,0.1751,0.0075,510.49,3.52,0.9181,0.0225,0.7544,0.3283,0.1263,2.1232,14.297,11.822,0.001691,0.001805,0.001818,0.00307,0.003411,0.013057,4.2531,0.002647,0.001973,0.003142,0.004558,0.00508,0.020463,4.4895,0.001541,0.001257,0.003311,0.003862,0.004731,0.012592,3.2605,0.010568,31.395,0.030466,2.8829,0.009004,30.612,0.029288,3.2528,0.006016,26.809,0.0191,3.1749
2026-09-28T08:18:00.000Z,2026-09-28T08:18:00.086Z,1014.202,56.869,25.169,1.3353,7.308,0.5332,0.3418,163.02,0.4243,0.2946,0.0801,0.0481,524.17,2.73,1.2271,0.02144,0.5733,0.6244,0.1486,2.0194,11.733,10.653,0.001834,0.001702,0.003006,0.003911,0.005151,0.01057,2.7026,0.002385,0.001984,0.002835,0.004203,0.00587,0.012996,3.0921,0.001732,0.002061,0.002478,0.003659,0.004344,0.015014,4.1033,0.010758,32.006,0.02945,2.7375,0.014537,35.265,0.067306,4.63,0.009082,30.847,0.030823,3.3939
2026-09-28T08:20:00.000Z,2026-09-28T08:20:00.269Z,1013.351,52.526,25.204,1.3383,7.346,0.5923,0.3619,156.77,0.2531,0.327,0.1134,0.0225,529.41,2.83,0.9769,0.01836,0.5661,0.3792,0.1038,2.2019,14.021,12.447,0.001588,0.002388,0.003296,0.004369,0.005905,0.019428,4.4468,0.002164,0.00292,0.003388,0.004969,0.005634,0.01651,3.3226,0.002448,0.002133,0.002032,0.00383,0.004992,0.015454,4.035,0.014308,33.968,0.070749,4.9447,0.008207,29.845,0.03125,3.8077,0.007612,29.493,0.031622,4.1542
2026-09-28T08:22:00.000Z,2026-09-28T08:22:00.293Z,1013.498,56.446,24.59,1.3733,4.146,0.3936,0.4082,163.18,0.5073,0.3473,0.1362,0.0176,542.26,3.12,1.0303,0.03323,0.581,0.4221,0.1247,1.7611,16.064,11.96,0.00088,0.002379,0.002115,0.003303,0.004126,0.012574,3.8068,0.002098,0.002494,0.002772,0.004279,0.005422,0.010699,2.5004,0.002687,0.002442,0.002025,0.004157,0.005207,0.012112,2.9136,0.008261,29.18,0.028156,3.4083,0.003525,23.613,0.012817,3.636,0.010713,31.306,0.039454,3.6828
2026-09-28T08:24:00.000Z,2026-09-28T08:24:00.271Z,1013.675,53.789,24.861,1.0744,5.88,0.6581,0.3648,156.2,0.2459,0.2371,0.1172,0.0534,541.22,3.32,0.9831,0.01766,0.4407,0.3587,0.1862,1.8728,13.252,9.787,0.002484,0.002389,0.003424,0.004858,0.006202,0.019647,4.0443,0.001491,0.001163,0.002669,0.003271,0.004536,0.009058,2.7692,0.001262,0.002005,0.003739,0.004426,0.005982,0.01534,3.4659,0.012109,31.411,0.035637,2.943,0.009646,30.261,0.027211,2.821,0.007698,28.698,0.036232,4.7067
2026-09-28T08:26:00.000Z,2026-09-28T08:26:00.620Z,1013.03,57.199,25.121,1.0489,6.505,0.7546,0.3864,155.68,0.469,0.296,0.0846,0.0184,518.36,3.39,1.2022,0.01394,0.6561,0.3442,0.167,2.3999,15.383,11.492,0.002864,0.001898,0.003086,0.004618,0.006042,0.014523,3.1449,0.001816,0.002418,0.002771,0.004102,0.005103,0.014937,3.6414,0.00169,0.001459,0.002385,0.003267,0.003874,0.013704,4.1947,0.004243,24.989,0.010876,2.5633,0.006593,29.292,0.019777,2.9997,0.013537,34.631,0.043542,3.2165
2026-09-28T08:28:00.000Z,2026-09-28T08:28:00.251Z,1013.846,52.391,24.707,1.4145,8.664,0.537,0.4288,169.43,0.3868,0.1302,0.0982,0.0244,526.73,3.46,1.0497,0.01607,0.3597,0.2037,0.0738,2.488,15.63,12.761,0.002455,0.002037,0.00164,0.003587,0.004882,0.014922,4.16,0.001282,0.002796,0.001905,0.003618,0.004683,0.014509,4.0102,0.001219,0.001764,0.002653,0.003411,0.004053,0.009738,2.8549,0.002359,20,0.006922,2.9343,0.00824,29.349,0.029427,3.5712,0.009746,31.282,0.038594,3.96
2026-09-28T08:30:00.000Z,2026-09-28T08:30:00.354Z,1013.315,56.302,24.837,1.2412,6.705,0.529,0.4008,151.26,0.3389,0.1907,0.0746,0.0417,526.69,2.67,1.0239,0.02313,0.6295,0.4493,0.1071,2.1876,15.792,12.406,0.001721,0.002494,0.002598,0.003991,0.005025,0.017933,4.4934,0.002983,0.002755,0.000887,0.004156,0.004583,0.01595,3.8378,0.000775,0.002435,0.001768,0.003107,0.004311,0.012009,3.8651,0.007262,28.262,0.035311,4.8624,0.016024,35.156,0.05139,3.2071,0.012458,35.486,0.042823,3.4374
2026-09-28T08:32:00.000Z,2026-09-28T08:32:00.154Z,1013.397,54.286,24.846,1.1069,4.403,0.4788,0.3993,178.27,0.3882,0.2483,0.141,0.0619,527.51,2.32,0.9167,0.02107,0.3183,0.3634,0.2183,1.9229,11.046,9.933,0.002378,0.002547,0.002274,0.004161,0.004645,0.017012,4.0884,0.002224,0.001267,0.00212,0.003324,0.003883,0.010029,3.0171,0.001355,0.002547,0.002299,0.003689,0.004803,0.013169,3.5698,0.010226,31.319,0.044891,4.3899,0.006768,27.275,0.018148,2.6814,0.007612,30.056,0.034005,4.4673
2026-09-28T08:34:00.000Z,2026-09-28T08:34:00.348Z,1013.853,55.347,24.522,1.2184,6.202,0.404,0.2576,154.97,0.2616,0.3178,0.027,0.0356,536.14,3.26,1.3055,0.01543,0.485,0.3042,0.1983,1.8811,13.857,11.031,0.003502,0.009954,0.012351,0.016245,0.022273,0.051784,3.1877,0.017581,0.007553,0.017059,0.025635,0.03214,0.07234,2.8219,0.01321,0.018664,0.015138,0.027423,0.036744,0.1153,4.2045,0.011783,36.355,0.043045,3.6531,0.006023,26.808,0.016072,2.6684,0.009237,32.622,0.034343,3.718
2026-09-28T08:36:00.000Z,2026-09-28T08:36:00.632Z,1013.649,55.489,24.898,1.279,7.49,0.4486,0.1945,159.86,0.3546,0.3247,0.0738,0.0424,514.86,3.18,1.1503,0.02011,0.535,0.5615,0.0795,2.2244,17.074,12.86,0.00145,0.002131,0.00214,0.00335,0.003862,0.012439,3.7131,0.002714,0.002647,0.001405,0.004043,0.004617,0.014463,3.5773,0.001896,0.003247,0.002611,0.004578,0.005061,0.016089,3.5144,0.010549,33.76,0.037057,3.5128,0.010772,30.809,0.041784,3.8789,0.006501,24.743,0.023925,3.6802
2026-09-28T08:38:00.000Z,2026-09-28T08:38:00.153Z,1013.131,54.584,24.682,0.91,6.473,0.6081,0.2197,154.5,0.2526,0.2488,0.1314,0.0204,513.49,2.76,0.7834,0.01952,0.626,0.62,0.0935,1.3378,13.248,11.393,0.002135,0.002681,0.002932,0.00451,0.005019,0.01314,2.9135,0.002222,0.002475,0.002089,0.003928,0.004874,0.013392,3.4094,0.003613,0.002485,0.00198,0.004811,0.006045,0.02001,4.1592,0.014182,35.432,0.054755,3.8609,0.00798,30.711,0.027238,3.4133,0.013878,33.762,0.052621,3.7917
2026-09-28T08:40:00.000Z,2026-09-28T08:40:00.009Z,1013.498,52.665,24.356,1.3872,5.589,0.5095,0.2251,147.45,0.4387,0.2777,0.1381,0.0634,521.59,3.05,0.794,0.02605,0.5639,0.449,0.1739,1.5561,13.236,10.103,0.002601,0.002964,0.002576,0.00471,0.005991,0.013293,2.8223,0.002025,0.001884,0.002277,0.003583,0.004556,0.009358,2.6118,0.00198,0.002378,0.003184,0.00444,0.005635,0.011265,2.5372,0.008947,30.754,0.028708,3.2087,0.005663,27.998,0.028213,4.982,0.011681,33.761,0.053451,4.5759
2026-09-28T08:42:00.000Z,2026-09-28T08:42:00.286Z,1013.27,50.855,24.68,1.3414,6.559,0.6598,0.2516,163.29,0.3391,0.2266,0.0892,0.0563,526.98,3.42,0.7914,0.01986,0.5319,0.4363,0.0954,2.0626,16.873,13.448,0.002509,0.002463,0.002957,0.004594,0.006194,0.019726,4.2939,0.002596,0.002135,0.001542,0.003698,0.004647,0.011984,3.2407,0.00271,0.002199,0.002539,0.004316,0.00577,0.014081,3.2625,0.015357,34.332,0.06763,4.4039,0.007381,29.213,0.020923,2.8347,0.008715,30.085,0.040504,4.6476
2026-09-28T08:44:00.000Z,2026-09-28T08:44:00.426Z,1013.252,52.312,24.634,1.3541,6.999,0.3727,0.3071,154.36,0.3139,0.1744,0.0886,0.0674,529.36,3.2,0.991,0.02982,0.3985,0.4441,0.1403,2.4474,13.361,11.393,0.001427,0.002063,0.001968,0.003188,0.0038,0.010166,3.1888,0.001845,0.00173,0.001459,0.00292,0.003961,0.01115,3.8185,0.001991,0.001347,0.002288,0.003319,0.003864,0.010956,3.301,0.008307,29.722,0.035244,4.2427,0.013223,34.268,0.064944,4.9114,0.008289,30.807,0.023734,2.8633
2026-09-28T08:46:00.000Z,2026-09-28T08:46:03.459Z,1012.949,54.219,24.528,1.1661,6.782,0.2844,0.4534,143.81,0.3204,0.2307,0.0607,0.0849,506.63,2.62,0.8341,0.02219,0.6675,0.4273,0.119,2.3968,13.914,11.637,0.001957,0.002432,0.0025,0.003999,0.004399,0.011257,2.815,0.003043,0.001979,0.002037,0.004162,0.00531,0.014715,3.5356,0.00248,0.001981,0.002175,0.003848,0.004337,0.011809,3.0689,0.013201,32.465,0.044491,3.3703,0.01235,33.649,0.049596,4.0159,0.012361,36.007,0.048669,3.9373
2026-09-28T08:48:00.000Z,2026-09-28T08:48:00.301Z,1012.933,54.215,24.5,1.3791,6.029,0.6969,0.2561,157.42,0.2794,0.1964,0.0267,0.0184,504.78,2.84,0.4906,0.01463,0.5341,0.3799,0.1451,2.0836,12.393,11.536,0.000566,0.002066,0.002919,0.003621,0.005021,0.012793,3.533,0.003132,0.002069,0.002403,0.004457,0.005804,0.018462,4.1422,0.002265,0.003233,0.003039,0.004982,0.006192,0.015978,3.2071,0.011871,33.002,0.057786,4.8678,0.007314,27.28,0.027409,3.7475,0.011522,34.78,0.053944,4.6818
2026-09-28T08:50:00.000Z,2026-09-28T08:50:00.455Z,1012.978,52.291,24.301,1.3816,7.984,0.4337,0.1945,138.9,0.2885,0.233,0.0977,0.0223,515.79,1.92,1.028,0.02804,0.3542,0.112,0.1567,2.2102,13.912,10.683,0.002775,0.002209,0.001748,0.003954,0.004991,0.013859,3.5051,0.001283,0.002566,0.003148,0.004259,0.005577,0.014566,3.4201,0.003463,0.001966,0.002314,0.004606,0.005358,0.016867,3.662,0.008114,31.41,0.025553,3.1492,0.007895,29.726,0.029041,3.6784,0.007829,29.252,0.029335,3.747
2026-09-28T08:52:00.000Z,2026-09-28T08:52:00.326Z,1012.387,53.512,24.203,1.1448,7.034,0.436,0.2735,157.51,0.4466,0.2557,0.1318,0.0418,517.9,2.94,0.9711,0.02107,0.4297,0.0708,0.1503,2.2116,12.611,9.934,0.000965,0.001281,0.002104,0.002646,0.003227,0.010269,3.881,0.003023,0.002405,0.001563,0.004167,0.005146,0.013207,3.1694,0.002124,0.001506,0.00299,0.003965,0.00547,0.011956,3.0154,0.011513,33.287,0.053748,4.6685,0.011945,33.391,0.04706,3.9397,0.0089,30.489,0.039612,4.4508
2026-09-28T08:54:00.000Z,2026-09-28T08:54:00.265Z,1012.255,52.338,23.863,1.0137,7.079,0.4621,0.267,159.41,0.5578,0.2058,0.1361,0.015,498.15,2.92,1.0515,0.0206,0.6038,0.3797,0.1805,1.8533,11.414,10.289,0.002406,0.000669,0.001591,0.002961,0.003625,0.008491,2.8676,0.002958,0.00214,0.001652,0.004007,0.00525,0.010659,2.6601,0.000787,0.00214,0.002643,0.003491,0.003907,0.014863,4.2575,0.009338,31.336,0.032613,3.4925,0.010118,31.687,0.031934,3.1562,0.012453,35.113,0.058699,4.7136
2026-09-28T08:56:00.000Z,2026-09-28T08:56:00.403Z,1012.704,51.874,24.154,1.1163,6.282,0.3974,0.1641,144.55,0.5013,0.3239,0.0941,0.047,525.56,3.2,0.9412,0.02299,0.6452,0.3034,0.1083,1.6639,12.85,10.401,0.001603,0.000949,0.002133,0.002832,0.003491,0.009152,3.2316,0.001969,0.002509,0.003503,0.004737,0.006416,0.0151,3.1877,0.002001,0.001924,0.002415,0.003679,0.005065,0.016165,4.3939,0.009598,31.663,0.034323,3.5761,0.00942,32.18,0.02372,2.518,0.007833,30.613,0.03056,3.9014
2026-09-28T08:58:00.000Z,2026-09-28T08:58:00.611Z,1012.772,51.128,24.301,1.0773,7.495,0.5111,0.4358,164.34,0.3027,0.2304,0.0775,0.0484,480.77,2.22,1.204,0.0217,0.5904,0.3095,0.108,1.9419,15.636,12.561,0.00211,0.001624,0.002316,0.003529,0.00399,0.010722,3.0383,0.00179,0.001056,0.002437,0.003203,0.003998,0.010198,3.1839,0.002341,0.001594,0.003396,0.004422,0.006188,0.015156,3.4274,0.010691,31.715,0.049273,4.6088,0.010972,32.704,0.048706,4.4391,0.013047,34.799,0.038886,2.9805
2026-09-28T09:00:00.000Z,2026-09-28T09:00:00.592Z,1011.729,53.919,24.358,1.0845,8.132,0.3468,0.3459,159.15,0.4232,0.2596,0.0639,0.0725,504.67,2.6,0.8428,0.01688,0.6515,0.6272,0.1747,1.7727,13.279,10.708,0.001695,0.002275,0.002082,0.003519,0.00399,0.013252,3.7658,0.001836,0.002324,0.002351,0.003781,0.005054,0.00952,2.5179,0.002299,0.003013,0.002674,0.004638,0.005763,0.017125,3.6923,0.009103,31.497,0.026346,2.8942,0.013497,35.359,0.065152,4.8271,0.014202,35.02,0.037627,2.6494
2026-09-28T09:02:00.000Z,2026-09-28T09:02:00.266Z,1011.624,52.651,24.169,1.338,6.174,0.5076,0.1554,141.47,0.4246,0.229,0.0738,0.0784,529.11,2.37,1.0198,0.01786,0.6782,0.4237,0.1739,1.7195,15.047,12.346,0.003118,0.001786,0.002324,0.004279,0.004906,0.013228,3.0914,0.001952,0.002572,0.003255,0.004585,0.005565,0.013164,2.8711,0.002004,0.003175,0.002539,0.004532,0.00604,0.013494,2.9775,0.009203,29.837,0.035408,3.8474,0.00722,29.962,0.027031,3.7439,0.00608,27.24,0.020104,3.3066
2026-09-28T09:04:00.000Z,2026-09-28T09:04:00.633Z,1012.248,54.293,24.162,1.2768,7.819,0.5342,0.3881,157.35,0.4756,0.2954,0.0624,0.0193,499.76,2.66,1.1909,0.01849,0.4716,0.462,0.1384,1.3709,15.387,10.813,0.002519,0.000677,0.001895,0.003224,0.003949,0.01044,3.2382,0.001711,0.00092,0.002383,0.003075,0.003447,0.009557,3.108,0.002172,0.003434,0.00188,0.004477,0.005055,0.017686,3.9504,0.008094,30.035,0.030882,3.8154,0.010033,33.43,0.02957,2.9473,0.009984,30.95,0.027594,2.7638
2026-09-28T09:06:00.000Z,2026-09-28T09:06:00.226Z,1012.155,49.917,23.592,1.107,6.845,0.4261,0.3421,165.58,0.7012,0.1976,0.1098,0.0254,544.43,2.52,1.172,0.02047,0.3732,0.3793,0.0959,1.808,13.501,10.276,0.000637,0.002635,0.002244,0.003519,0.00429,0.013909,3.9525,0.002803,0.001914,0.00051,0.003432,0.004086,0.010641,3.1005,0.00179,0.002207,0.003562,0.004557,0.005042,0.018884,4.144,0.009109,30.443,0.035381,3.8842,0.00358,22.287,0.010335,2.8869,0.012734,34.32,0.036241,2.846
2026-09-28T09:08:00.000Z,2026-09-28T09:08:00.241Z,1011.668,51.54,23.807,0.7806,7.575,0.4842,0.1723,146.81,0.3406,0.292,0.0592,0.0113,485.26,2.42,0.9048,0.01921,0.3439,0.4299,0.1564,2.0363,12.842,9.417,0.001432,0.002294,0.002086,0.003415,0.004425,0.012651,3.7045,0.003037,0.002075,0.002022,0.004197,0.004669,0.015025,3.5799,0.002344,0.002418,0.002972,0.004492,0.005239,0.011684,2.6011,0.009654,30.702,0.03489,3.614,0.00706,28.309,0.02157,3.0552,0.009257,32.3,0.026202,2.8305
2026-09-28T09:10:00.000Z,2026-09-28T09:10:00.328Z,1011.611,50.578,23.876,0.7849,6.198,0.5368,0.3315,133.58,0.3579,0.2272,0.0838,0.0257,482.4,2.61,1.0771,0.02074,0.3954,0.4385,0.142,1.8513,11.815,9.325,0.00243,0.002506,0.002478,0.004281,0.005978,0.015979,3.7325,0.002647,0.00196,0.002511,0.004142,0.005573,0.012009,2.8993,0.002144,0.001291,0.00312,0.004,0.005423,0.010899,2.7248,0.016892,37.373,0.081366,4.8168,0.013772,33.42,0.034903,2.5343,0.009496,31.095,0.034424,3.6251
2026-09-28T09:12:00.000Z,2026-09-28T09:12:00.479Z,1011.887,51.4,23.997,1.0257,7.323,0.4931,0.2562,142.9,0.3817,0.1732,0.0779,0.0618,499.5,2.48,1.3449,0.01878,0.4732,0.3927,0.1457,1.8174,14.845,10.966,0.001294,0.003197,0.002544,0.004286,0.00555,0.012697,2.9624,0.000796,0.00312,0.002823,0.004282,0.005824,0.015257,3.5631,0.002306,0.002275,0.003051,0.00445,0.005506,0.01937,4.3528,0.012241,33.858,0.046804,3.8235,0.008496,31.449,0.024575,2.8925,0.008404,31.254,0.034146,4.0631
2026-09-28T09:14:00.000Z,2026-09-28T09:14:00.692Z,1011.35,51.461,23.44,1.2547,4.681,0.5097,0.282,135.03,0.3726,0.3241,0.1522,0.0453,489.95,2.0,1.343,0.01467,0.3908,0.4105,0.1794,2.457,16.629,12.875,0.001712,0.002088,0.002716,0.00383,0.004835,0.015704,4.1003,0.002335,0.001608,0.002197,0.003587,0.004091,0.016111,4.4915,0.001298,0.002332,0.002349,0.003555,0.004906,0.015408,4.3342,0.008424,31.674,0.041038,4.8716,0.01193,34.125,0.05606,4.6991,0.009267,29.653,0.043558,4.7003
2026-09-28T09:16:00.000Z,2026-09-28T09:16:00.170Z,1011.44,53.354,23.463,1.1274,5.764,0.5086,0.2626,148.54,0.5555,0.214,0.0847,0.0368,489.13,2.6,1.3031,0.01516,0.6417,0.2831,0.1569,1.6254,10.647,9.021,0.002835,0.002255,0.002699,0.004517,0.005012,0.018199,4.029,0.002474,0.002045,0.001556,0.003567,0.004981,0.014323,4.0154,0.002513,0.003256,0.002954,0.005064,0.007068,0.021442,4.2342,0.007346,29.377,0.026768,3.6439,0.010062,33.072,0.026207,2.6046,0.00973,30.788,0.031936,3.2822
2026-09-28T09:18:00.000Z,2026-09-28T09:18:00.384Z,1010.733,47.2,23.503,1.0508,4.865,0.3213,0.3449,172.84,0.4872,0.1902,0.0965,0.0476,472.72,2.1,0.9714,0.02395,0.5303,0.3317,0.1704,2.1564,10.693,8.911,0.002387,0.00167,0.002365,0.003752,0.005061,0.01277,3.4035,0.00195,0.00171,0.002654,0.003711,0.004857,0.010282,2.7707,0.000609,0.001438,0.00274,0.003154,0.003639,0.011609,3.6807,0.009531,30.93,0.034661,3.6367,0.009998,33.532,0.04767,4.768,0.011375,31.594,0.031951,2.8089
2026-09-28T09:20:00.000Z,2026-09-28T09:20:00.174Z,1011.089,48.54,23.471,1.0458,4.842,0.5927,0.2758,127.49,0.5166,0.316,0.0797,0.0439,482.79,2.63,0.9078,0.01877,0.3784,0.3375,0.2137,1.6028,13.951,10.558,0.002215,0.001671,0.002081,0.003468,0.004292,0.014603,4.2108,0.001938,0.001983,0.002727,0.003889,0.004965,0.013423,3.4515,0.001703,0.001794,0.002531,0.003539,0.00453,0.01058,2.9895,0.006011,27.171,0.023406,3.8939,0.010433,32.086,0.029949,2.8706,0.009531,31.358,0.044172,4.6346
2026-09-28T09:22:00.000Z,2026-09-28T09:22:00.510Z,1010.648,50.189,23.401,0.9094,6.267,0.4354,0.203,134.26,0.2745,0.2587,0.0818,0.0247,493.64,2.6,0.9631,0.01854,0.6096,0.3729,0.1603,1.6595,13.435,10.578,0.002311,0.001888,0.003126,0.004322,0.005434,0.01682,3.8917,0.00178,0.001813,0.002293,0.003422,0.004778,0.011865,3.4673,0.001162,0.001474,0.001104,0.002178,0.00304,0.006696,3.0744,0.007971,29.479,0.030397,3.8134,0.012802,34.116,0.036156,2.8242,0.006645,27.985,0.027109,4.0796
2026-09-28T09:24:00.000Z,2026-09-28T09:24:00.546Z,1011.096,48.465,22.824,1.0146,5.91,0.4647,0.2716,148.52,0.2537,0.312,0.0998,0.0371,502.95,2.42,0.9771,0.02123,0.593,0.4214,0.1168,1.7348,14.292,9.771,0.002035,0.001867,0.001581,0.003182,0.003528,0.009073,2.8514,0.001736,0.002477,0.001775,0.003507,0.004696,0.013296,3.7913,0.000819,0.001163,0.002498,0.002875,0.003932,0.010275,3.5739,0.007323,30.8,0.025886,3.5349,0.009735,29.87,0.031623,3.2484,0.009591,30.777,0.036827,3.8397
2026-09-28T09:26:00.000Z,2026-09-28T09:26:00.223Z,1010.089,50.374,23.171,1.0917,5.707,0.7813,0.3446,123.76,0.2628,0.1962,0.0871,0.0169,467.55,2.44,0.6874,0.0195,0.528,0.2995,0.1742,2.0255,14.699,11.034,0.001872,0.002801,0.003082,0.004566,0.006088,0.019756,4.3268,0.001873,0.002047,0.001698,0.003253,0.003764,0.014142,4.3474,0.002077,0.00192,0.001674,0.003287,0.00438,0.00916,2.7867,0.013862,33.496,0.067162,4.845,0.009289,30.881,0.040049,4.3114,0.005409,27.062,0.020586,3.8059
2026-09-28T09:28:00.000Z,2026-09-28T09:28:00.747Z,1010.252,48.536,23.173,0.9176,5.877,0.3545,0.2849,131.25,0.5213,0.2018,0.1585,0.0444,491.39,2.36,1.1729,0.01767,0.5217,0.4473,0.1758,2.4171,12.11,9.787,0.001964,0.001862,0.002701,0.003824,0.005014,0.011726,3.0664,0.002007,0.002231,0.001987,0.003599,0.004438,0.009934,2.7602,0.001644,0.001115,0.002565,0.003244,0.003671,0.008459,2.6076,0.008313,30.675,0.033171,3.9903,0.005236,25.333,0.022245,4.2485,0.008066,29.555,0.036649,4.5436
2026-09-28T09:30:00.000Z,2026-09-28T09:30:00.252Z,1009.97,51.311,23.093,0.8752,5.879,0.5864,0.1342,124.5,0.4218,0.2122,0.0567,0.0358,482.96,2.48,1.392,0.0118,0.3223,0.2792,0.1889,1.7312,11.52,7.708,0.001556,0.001448,0.002486,0.003271,0.004051,0.009295,2.8416,0.002092,0.001188,0.002595,0.003539,0.004761,0.014487,4.0935,0.002201,0.001601,0.003172,0.00418,0.005592,0.014904,3.5656,0.007484,30.086,0.030327,4.0522,0.002264,20,0.007832,3.4594,0.007031,30.484,0.027965,3.9774
2026-09-28T09:32:00.000Z,2026-09-28T09:32:00.004Z,1010.359,47.525,23.035,0.9118,5.373,0.6185,0.256,120.99,0.4112,0.1757,0.1088,0.0554,470.27,2.47,0.9792,0.02711,0.639,0.413,0.1113,1.5595,14.049,9.497,0.002596,0.0027,0.001913,0.004206,0.004627,0.011749,2.7934,0.002437,0.002595,0.001793,0.003986,0.004619,0.015398,3.863,0.002502,0.001683,0.003113,0.004334,0.005955,0.013475,3.1091,0.013003,33.909,0.064449,4.9565,0.009276,31.706,0.023378,2.5203,0.013042,34.22,0.036764,2.8189
2026-09-28T09:34:00.000Z,2026-09-28T09:34:00.185Z,1010.28,50.547,23.104,0.9944,4.816,0.6289,0.1773,134.79,0.555,0.2087,0.1162,0.0355,486.58,1.91,0.9175,0.01681,0.5122,0.2299,0.2103,2.093,13.238,8.749,0.001986,0.002096,0.002447,0.003785,0.004983,0.013147,3.4734,0.000317,0.002707,0.003141,0.004159,0.005094,0.014191,3.4121,0.002436,0.002198,0.001607,0.003653,0.004485,0.010446,2.8596,0.006205,27.78,0.022494,3.6251,0.008818,31.413,0.035373,4.0115,0.004872,24.843,0.015064,3.092
2026-09-28T09:36:00.000Z,2026-09-28T09:36:00.133Z,1010.054,45.307,23.338,0.7104,4.969,0.5868,0.3598,130.34,0.3485,0.2298,0.0146,0.0846,472.05,2.19,1.0176,0.02166,0.4671,0.2379,0.1613,2.1172,10.923,9.117,0.001201,0.002521,0.002579,0.003801,0.005069,0.013067,3.4378,0.001327,0.001946,0.002336,0.003317,0.004605,0.013588,4.0965,0.001376,0.001961,0.002556,0.003503,0.004823,0.014008,3.9989,0.009443,30.228,0.025057,2.6535,0.0082,30.378,0.021558,2.629,0.015448,35.667,0.062731,4.0608
2026-09-28T09:38:00.000Z,2026-09-28T09:38:00.657Z,1009.881,48.56,22.722,0.9956,6.169,0.5106,0.2895,136.1,0.44,0.2212,0.0906,0.0157,481.68,2.25,1.3099,0.01108,0.5204,0.4593,0.1221,2.1449,13.005,9.476,0.00186,0.003028,0.002359,0.004265,0.004996,0.014417,3.3803,0.001732,0.001686,0.002346,0.003368,0.004354,0.013509,4.011,0.001451,0.002271,0.002642,0.003774,0.004603,0.01171,3.1028,0.009879,30.224,0.037849,3.8313,0.006584,29.442,0.024272,3.6865,0.013712,36.34,0.034687,2.5297
2026-09-28T09:40:00.000Z,2026-09-28T09:40:03.519Z,1009.22,44.136,22.753,0.8639,6.756,0.4296,0.3819,127.46,0.5721,0.1916,0.088,0.0636,488.53,2.51,0.733,0.02544,0.4989,0.2372,0.1276,1.8955,12.382,8.076,0.001143,0.001736,0.002446,0.00321,0.003625,0.008692,2.7078,0.001919,0.001602,0.002541,0.003564,0.004223,0.010286,2.8861,0.002261,0.002039,0.003213,0.004426,0.005978,0.019479,4.401,0.008347,29.416,0.023371,2.7999,0.006409,28.463,0.02654,4.1411,0.008758,31.893,0.043071,4.9179
2026-09-28T09:42:00.000Z,2026-09-28T09:42:00.209Z,1009.324,46.254,22.241,0.9659,4.011,0.3268,0.2861,139.75,0.5408,0.1913,0.0921,0.0606,491.91,2.47,0.8667,0.02302,0.7784,0.492,0.146,2.322,9.3,6.181,0.002304,0.002629,0.003035,0.004629,0.005395,0.017529,3.7868,0.002807,0.002811,0.001904,0.004405,0.004982,0.011655,2.6459,0.001589,0.001802,0.001195,0.002683,0.003071,0.010144,3.7808,0.012131,35.027,0.038408,3.1661,0.008185,29.591,0.032221,3.9366,0.003814,21.267,0.014214,3.7268
2026-09-28T09:44:00.000Z,2026-09-28T09:44:00.342Z,1009.539,44.908,22.679,0.7008,7.898,0.5052,0.338,117.88,0.1867,0.1925,0.0713,0.0735,449.42,2.46,1.0843,0.01944,0.2016,0.345,0.1888,2.1612,10.574,9.011,0.002573,0.002145,0.002735,0.004325,0.005921,0.016267,3.7612,0.002863,0.00184,0.002595,0.00428,0.005521,0.016994,3.9706,0.002251,0.002303,0.002248,0.003927,0.004896,0.010312,2.6259,0.00605,26.805,0.023201,3.8349,0.009351,31.969,0.046658,4.9896,0.007172,29.443,0.032055,4.4695
2026-09-28T09:46:00.000Z,2026-09-28T09:46:00.419Z,1009.494,48.662,22.437,0.7287,4.475,0.3168,0.3624,137.89,0.4244,0.2425,0.1275,0.0726,431.58,2.3,1.2981,0.02221,0.5503,0.445,0.1826,2.0794,11.026,9.088,0.001069,0.001401,0.002952,0.003438,0.004606,0.010112,2.9412,0.002436,0.002212,0.001804,0.003753,0.005042,0.016755,4.4644,0.001769,0.001522,0.003177,0.003942,0.004499,0.016449,4.1728,0.009406,31.923,0.037461,3.9827,0.005086,25.868,0.014511,2.8531,0.011308,31.738,0.043915,3.8835
2026-09-28T09:48:00.000Z,2026-09-28T09:48:00.596Z,1009.016,46.37,22.783,1.0335,3.994,0.3874,0.392,127.39,0.4628,0.2515,0.1369,0.0654,474.31,1.95,1.1215,0.01195,0.4711,0.3365,0.1189,1.719,10.455,6.217,0.002367,0.002089,0.00093,0.003291,0.004239,0.013378,4.065,0.002001,0.001967,0.002447,0.003723,0.004358,0.010182,2.7349,0.001736,0.001949,0.001743,0.003139,0.003961,0.009224,2.9385,0.013873,35.03,0.04427,3.1911,0.005633,27.633,0.023732,4.213,0.015023,36.647,0.04418,2.9408
2026-09-28T09:50:00.000Z,2026-09-28T09:50:00.344Z,1009.199,46.883,22.345,1.0085,4.347,0.6561,0.3013,122.25,0.3863,0.1137,0.1236,0.0814,453.02,2.14,1.2527,0.0151,0.411,0.3511,0.169,2.4278,12.112,7.568,0.002801,0.002567,0.002798,0.004718,0.005502,0.016239,3.4419,0.001575,0.000744,0.002523,0.003066,0.003506,0.013355,4.3558,0.00143,0.002166,0.003027,0.003987,0.005142,0.017747,4.4512,0.013618,34.837,0.057611,4.2305,0.011495,33.714,0.053212,4.6291,0.010595,31.91,0.035588,3.3589
2026-09-28T09:52:00.000Z,2026-09-28T09:52:00.439Z,1008.206,44.44,22.136,0.6845,6.487,0.7322,0.3209,120.82,0.4722,0.1956,0.1401,0.0493,464.67,1.9,0.9591,0.0119,0.5022,0.489,0.0759,1.697,10.537,7.847,0.003679,0.002054,0.003055,0.005205,0.006926,0.013362,2.5671,0.002169,0.001328,0.002267,0.003407,0.004563,0.014114,4.1426,0.001575,0.002131,0.002311,0.003516,0.004639,0.01547,4.3999,0.00983,32.414,0.040491,4.1191,0.011861,34.445,0.038692,3.2621,0.011851,32.904,0.051768,4.3682
2026-09-28T09:54:00.000Z,2026-09-28T09:54:00.072Z,1007.976,46.506,22.379,0.7227,5.395,0.4068,0.1895,126.29,0.4245,0.2323,0.1212,0.0388,471.75,2.14,0.9401,0.03199,0.2941,0.3531,0.1539,1.8802,11.638,9.748,0.002847,0.001697,0.002622,0.004226,0.005112,0.015798,3.7383,0.001812,0.001753,0.002679,0.003679,0.004664,0.009691,2.6341,0.001897,0.001607,0.00284,0.003774,0.00428,0.013047,3.4571,0.00974,32.993,0.047704,4.8977,0.008525,31.027,0.026117,3.0636,0.014802,34.932,0.062177,4.2006
2026-09-28T09:56:00.000Z,2026-09-28T09:56:00.557Z,1008.569,46.059,21.913,0.8368,6.233,0.6096,0.257,110.99,0.3634,0.3306,0.1223,0.0041,467.07,1.39,1.3865,0.02423,0.4527,0.4107,0.1764,1.852,11.636,8.766,0.001771,0.001336,0.002915,0.003663,0.004719,0.011305,3.0863,0.001485,0.002736,0.002258,0.003846,0.004383,0.012282,3.1934,0.00119,0.002298,0.002344,0.003492,0.004754,0.010353,2.9648,0.011045,34.224,0.03898,3.5292,0.008601,29.897,0.028519,3.3158,0.013609,33.39,0.062666,4.6047
2026-09-28T09:58:00.000Z,2026-09-28T09:58:00.186Z,1008.104,46.014,22.109,0.7212,4.98,0.6148,0.4348,117.91,0.4892,0.2664,0.0826,0.0533,473.12,1.81,0.8818,0.03312,0.5981,0.2699,0.1384,1.8502,11.42,8.131,0.002326,0.002333,0.002709,0.004265,0.004736,0.013366,3.1339,0.002707,0.001678,0.002882,0.004295,0.00542,0.012134,2.8251,0.00157,0.00328,0.001817,0.004065,0.004649,0.013886,3.416,0.011992,33.538,0.05212,4.3462,0.010252,33.103,0.043711,4.2637,0.009589,30.819,0.046603,4.86
2026-09-28T10:00:00.000Z,2026-09-28T10:00:58.029Z,1008.041,46.166,22.206,0.9351,4.403,0.4395,0.1796,124.44,0.3678,0.2011,0.0919,0.0187,466.67,1.88,1.0293,0.02674,0.5582,0.3386,0.1358,2.2226,11.85,7.619,0.002105,0.001879,0.002174,0.003562,0.004465,0.01029,2.8888,0.001662,0.002745,0.00363,0.004845,0.005854,0.013546,2.7959,0.001543,0.00235,0.001942,0.003417,0.004141,0.010488,3.0694,0.005085,28.341,0.023827,4.6857,0.014125,35.844,0.050999,3.6105,0.015408,35.671,0.049638,3.2216
2026-09-28T10:02:00.000Z,2026-09-28T10:02:00.657Z,1007.785,45.393,21.855,0.7561,4.831,0.5297,0.3876,140.82,0.1827,0.3893,0.1307,0.0503,445.64,1.41,1.2389,0.01453,0.5782,0.3585,0.085,2.1255,10.753,8.688,0.002516,0.002525,0.00139,0.003826,0.004557,0.013845,3.6187,0.001864,0.002032,0.002868,0.003979,0.005518,0.016586,4.1684,0.002007,0.001139,0.00255,0.003439,0.004704,0.011467,3.3344,0.005428,26.771,0.016891,3.1118,0.011769,33.964,0.058678,4.9858,0.014534,35.921,0.057448,3.9527
2026-09-28T10:04:00.000Z,2026-09-28T10:04:00.637Z,1007.375,42.194,21.889,0.9523,5.923,0.328,0.2296,123.9,0.4296,0.1978,0.1558,0.0579,460.92,1.9,1.2065,0.02399,0.4409,0.3696,0.1976,2.3319,10.714,7.648,0.00162,0.002012,0.001648,0.003064,0.004172,0.012727,4.1537,0.001798,0.001534,0.002038,0.003121,0.003523,0.011423,3.66,0.001158,0.002043,0.002313,0.003296,0.004138,0.010699,3.2461,0.007276,29.324,0.034757,4.7769,0.011391,33.479,0.034774,3.0528,0.012414,35.853,0.050073,4.0336
2026-09-28T10:06:00.000Z,2026-09-28T10:06:00.095Z,1007.47,41.824,21.659,0.9571,5.886,0.664,0.3683,133.27,0.3471,0.2285,0.1264,0.0672,427.53,1.5,0.8044,0.0157,0.6581,0.5806,0.1632,2.1022,14.093,10.644,0.002335,0.002166,0.002577,0.004097,0.005356,0.016667,4.0681,0.002915,0.002486,0.002408,0.004525,0.005124,0.01849,4.0862,0.001823,0.001791,0.002382,0.003494,0.003968,0.010503,3.006,0.014072,35.567,0.061725,4.3864,0.011362,30.907,0.034239,3.0135,0.01156,32.887,0.039059,3.3788
2026-09-28T10:08:00.000Z,2026-09-28T10:08:00.737Z,1006.783,45.27,21.628,0.936,6.206,0.49,0.241,120.05,0.3805,0.2411,0.0976,0.0527,467.93,1.77,1.4222,0.00689,0.4252,0.4565,0.1661,1.5296,10.477,8.369,0.002596,0.002366,0.002301,0.004199,0.005066,0.013686,3.2593,0.002096,0.00242,0.003716,0.004905,0.005577,0.013345,2.7207,0.003129,0.002668,0.003167,0.00519,0.006806,0.018758,3.6143,0.012589,34.225,0.035115,2.7893,0.009148,32.551,0.030006,3.2801,0.013214,34.259,0.051334,3.8848
2026-09-28T10:10:00.000Z,2026-09-28T10:10:00.499Z,1007.064,46.301,21.771,0.6287,5.491,0.6569,0.5637,120.51,0.4025,0.1686,0.1167,0.0596,464.69,1.54,1.1563,0.02914,0.663,0.4362,0.148,2.2695,8.824,8.353,0.000969,0.002507,0.00158,0.003118,0.00369,0.012244,3.9269,0.001583,0.001764,0.002612,0.003527,0.004303,0.012174,3.4517,0.001164,0.001513,0.002031,0.002787,0.003471,0.008522,3.0578,0.010162,31.664,0.031774,3.1267,0.00578,27.263,0.016395,2.8365,0.010801,32.862,0.028845,2.6706
2026-09-28T10:12:00.000Z,2026-09-28T10:12:00.641Z,1007.01,43.064,21.427,0.8139,5.001,0.648,0.3617,128.21,0.2237,0.2763,0.1422,0.0345,463.23,1.51,1.3297,0.00818,0.4144,0.504,0.1584,2.254,10.641,8.024,0.002536,0.002749,0.002557,0.004531,0.006154,0.014074,3.1062,0.00181,0.001329,0.003032,0.003773,0.004702,0.010258,2.7188,0.002712,0.0016,0.001615,0.003539,0.004621,0.012898,3.6445,0.004179,24.717,0.015741,3.7667,0.00728,29.98,0.03587,4.9272,0.007924,29.354,0.03918,4.9445
2026-09-28T10:14:00.000Z,2026-09-28T10:14:00.474Z,1006.923,43.899,21.295,0.8711,5.131,0.5709,0.2539,134.82,0.4528,0.2151,0.1218,0.042,454.98,1.58,0.7851,0.02156,0.4764,0.3693,0.1842,2.2645,9.925,8.861,0.002291,0.002385,0.002126,0.003932,0.005146,0.014454,3.676,0.002582,0.001948,0.001796,0.0037,0.004967,0.00999,2.7,0.002497,0.001754,0.001916,0.003603,0.004507,0.014519,4.0297,0.00779,30.999,0.026551,3.4083,0.006764,29.063,0.031238,4.6183,0.011329,31.22,0.043499,3.8396
2026-09-28T10:16:00.000Z,2026-09-28T10:16:01.198Z,1007.047,42.045,21.459,0.8802,4.977,0.5249,0.2704,126.38,0.4319,0.2715,0.0677,0.0589,492.51,1.64,0.8619,0.02178,0.3795,0.3353,0.1434,1.6566,11.175,9.8,0.002295,0.002929,0.002509,0.004488,0.006098,0.016398,3.6537,0.002354,0.003494,0.002367,0.004832,0.006674,0.017228,3.5654,0.001327,0.001227,0.001723,0.002497,0.003072,0.00907,3.6324,0.00745,28.574,0.02541,3.4107,0.011027,33.306,0.04646,4.2133,0.009003,32.104,0.02968,3.2967
2026-09-28T10:18:00.000Z,2026-09-28T10:18:00.555Z,1006.679,40.283,21.494,0.8232,4.856,0.4179,0.2515,134.27,0.4427,0.2531,0.1562,0.025,472.97,1.37,1.1127,0.02287,0.5163,0.4506,0.1734,2.1452,11.15,7.273,0.003049,0.00188,0.002411,0.004318,0.005863,0.01152,2.6679,0.001032,0.001282,0.002898,0.003333,0.00403,0.012715,3.8149,0.001641,0.003212,0.003172,0.004803,0.006327,0.013358,2.7812,0.013726,35.804,0.066329,4.8324,0.004416,24.642,0.021524,4.8741,0.012077,33.322,0.0569,4.7114
2026-09-28T10:20:00.000Z,2026-09-28T10:20:00.725Z,1006.825,41.462,21.456,0.7116,6.577,0.5093,0.3836,134.18,0.4489,0.3134,0.0939,0.0493,490.71,1.45,1.0117,0.02414,0.4668,0.2655,0.1779,2.6008,12.348,8.471,0.00178,0.002054,0.002288,0.003553,0.004939,0.013187,3.7115,0.002481,0.001258,0.003256,0.004282,0.005723,0.012758,2.9794,0.001666,0.001512,0.002232,0.003169,0.004397,0.010222,3.2256,0.010584,32.021,0.0494,4.6674,0.011862,32.71,0.056635,4.7745,0.003516,24.642,0.011036,3.1388
2026-09-28T10:22:00.000Z,2026-09-28T10:22:00.480Z,1006.099,42.937,21.555,1.0966,4.856,0.624,0.2062,129.18,0.4146,0.3246,0.0584,0.071,466.54,1.22,1.1995,0.01792,0.2596,0.4797,0.0825,1.8866,9.974,7.784,0.002653,0.001949,0.001743,0.003725,0.004128,0.009701,2.6043,0.001467,0.001343,0.002483,0.003181,0.003881,0.01195,3.7567,0.001686,0.001903,0.002629,0.003657,0.004196,0.012919,3.5327,0.015551,35.478,0.068547,4.4079,0.012612,32.768,0.056522,4.4816,0.008554,31.677,0.037107,4.338
2026-09-28T10:24:00.000Z,2026-09-28T10:24:00.220Z,1005.627,42.216,20.946,0.8419,5.942,0.6717,0.1651,137.69,0.3526,0.3787,0.0782,0.0331,457.91,2.37,0.7013,0.02248,0.6768,0.4495,0.1853,1.79,13.45,9.639,0.002305,0.002707,0.003042,0.004679,0.005758,0.020307,4.34,0.00114,0.002257,0.003098,0.003999,0.004627,0.016891,4.2238,0.002643,0.002099,0.001916,0.003881,0.004844,0.010713,2.7604,0.012516,32.887,0.06243,4.988,0.009072,32.626,0.032168,3.5459,0.008586,30.981,0.027694,3.2255
2026-09-28T10:26:00.000Z,2026-09-28T10:26:00.002Z,1005.556,40.107,21.22,0.9127,5.705,0.5592,0.3525,128.01,0.2573,0.2285,0.0541,0.0487,465.21,1.75,1.0392,0.01818,0.5762,0.6837,0.0762,2.728,9.813,8.168,0.001423,0.001981,0.003234,0.004051,0.004824,0.013325,3.2893,0.000916,0.003142,0.001664,0.003672,0.004326,0.01288,3.5076,0.001711,0.003114,0.001878,0.004019,0.00458,0.012598,3.1346,0.008371,30.35,0.023373,2.7921,0.011509,33.364,0.053853,4.6792,0.01253,32.529,0.060339,4.8156
2026-09-28T10:28:00.000Z,2026-09-28T10:28:00.646Z,1005.561,41.502,20.769,0.8211,7.666,0.3707,0.5368,134.83,0.3429,0.303,0.065,0.052,473.93,1.77,1.1162,0.02378,0.5208,0.3707,0.1088,2.6864,13.259,9.351,0.002143,0.001304,0.002465,0.003517,0.004761,0.01489,4.2337,0.00219,0.002186,0.002656,0.004078,0.004692,0.014344,3.5174,0.001721,0.00182,0.00365,0.004427,0.005648,0.016234,3.667,0.013608,34.459,0.053438,3.927,0.008962,31.249,0.039618,4.4207,0.007221,27.299,0.018521,2.5649
2026-09-28T10:30:00.000Z,2026-09-28T10:30:00.294Z,1005.432,38.065,20.588,0.9981,5.272,0.6645,0.3735,129.39,0.3073,0.3274,0.0888,0.1029,482.06,1.21,0.5919,0.01632,0.6734,0.3753,0.05,1.8125,13.552,9.183,0.00226,0.002216,0.002479,0.00402,0.00557,0.013116,3.2627,0.001698,0.002223,0.003573,0.004538,0.005113,0.019081,4.2047,0.001738,0.002543,0.003291,0.004508,0.005344,0.018055,4.0051,0.009138,30.799,0.034058,3.7271,0.005048,26.81,0.016533,3.2752,0.009368,30.946,0.039006,4.1637
2026-09-28T10:32:00.000Z,2026-09-28T10:32:00.110Z,1005.532,42.216,20.63,0.8176,5.409,0.5074,0.1541,128.22,0.33,0.2346,0.1039,0.0378,496.57,1.67,1.3005,0.02328,0.6161,0.3163,0.1145,1.9186,14.823,10.872,0.001624,0.0029,0.003332,0.004706,0.006365,0.016688,3.5461,0.001947,0.00218,0.002562,0.003887,0.004401,0.013021,3.3499,0.002084,0.002731,0.002894,0.004492,0.005707,0.013506,3.0067,0.009962,32.38,0.037443,3.7586,0.013332,35.464,0.039314,2.9488,0.011239,33.924,0.030438,2.7082
2026-09-28T10:34:00.000Z,2026-09-28T10:34:00.301Z,1005.798,38.549,20.792,0.8883,5.31,0.6981,0.2664,139.68,0.4591,0.2485,0.0592,0.0566,479.31,1.54,0.9954,0.02228,0.5493,0.2482,0.1588,2.5292,9.507,7.433,0.001586,0.00256,0.002307,0.003794,0.00494,0.014723,3.8806,0.001597,0.002312,0.002471,0.003742,0.004242,0.009474,2.5318,0.002071,0.003167,0.002181,0.004368,0.005079,0.016586,3.7972,0.008109,29.315,0.032964,4.0651,0.010486,31.782,0.034104,3.2523,0.006689,28.765,0.017087,2.5545
2026-09-28T10:36:00.000Z,2026-09-28T10:36:00.624Z,1005.658,42.111,20.587,1.1082,4.885,0.5391,0.399,139.79,0.3721,0.3346,0.1021,0.0372,445.62,1.83,0.7339,0.01476,0.4136,0.3707,0.1947,1.6003,11.804,9.956,0.001417,0.001053,0.002472,0.003038,0.003823,0.010159,3.344,0.001913,0.002199,0.002887,0.004102,0.005095,0.014314,3.4895,0.001611,0.002513,0.002193,0.003704,0.004849,0.009414,2.5416,0.009536,32.222,0.032037,3.3596,0.010237,32.903,0.048858,4.7727,0.007836,31.032,0.036094,4.6062
2026-09-28T10:38:00.000Z,2026-09-28T10:38:00.541Z,1005.321,39.315,20.076,1.1027,4.658,0.4828,0.158,145.02,0.2164,0.2148,0.0831,0.0499,465.93,1.66,1.0967,0.01818,0.4659,0.1247,0.2142,1.932,13.868,10.685,0.002033,0.00178,0.002676,0.003803,0.005128,0.016311,4.289,0.002213,0.002043,0.001646,0.003432,0.003899,0.010118,2.9481,0.002351,0.001973,0.002947,0.004255,0.005134,0.011035,2.5934,0.011702,32.817,0.033678,2.878,0.008674,29.645,0.036203,4.1737,0.008145,28.017,0.029278,3.5946
2026-09-28T10:40:00.000Z,2026-09-28T10:40:00.465Z,1004.878,41.621,20.67,1.073,3.623,0.5131,0.279,151.12,0.4867,0.3409,0.0521,0.0592,500.4,1.17,1.0853,0.01975,0.4454,0.3456,0.1212,2.3778,13.814,11.776,0.002232,0.002032,0.003492,0.004616,0.00555,0.016202,3.51,0.002498,0.002296,0.002417,0.004166,0.005414,0.011678,2.8032,0.001433,0.002014,0.001772,0.003041,0.003553,0.012479,4.1036,0.007366,29.876,0.026863,3.6469,0.013202,32.989,0.044945,3.4044,0.011654,33.434,0.029425,2.5249
2026-09-28T10:42:00.000Z,2026-09-28T10:42:00.498Z,1004.821,38.092,20.953,1.0364,6.351,0.5085,0.1827,127.3,0.2325,0.3293,0.1151,0.0433,470.34,1.23,0.9792,0.01383,0.6048,0.3196,0.1387,1.9699,11.273,7.464,0.002024,0.002817,0.001954,0.003981,0.004912,0.011586,2.9103,0.000984,0.001709,0.001864,0.002714,0.003708,0.011027,4.063,0.001242,0.001672,0.002625,0.003351,0.003989,0.008625,2.5739,0.007559,30.955,0.032883,4.3502,0.016544,38.582,0.053103,3.2098,0.013172,35.091,0.050098,3.8034
2026-09-28T10:44:00.000Z,2026-09-28T10:44:00.431Z,1004.792,40.134,20.109,1.0319,7.812,0.4567,0.0669,144.49,0.4225,0.1912,0.1302,0.0462,497.29,1.37,0.9161,0.01757,0.6873,0.1269,0.1831,2.3073,7.848,6.791,0.00149,0.00121,0.002232,0.002944,0.003548,0.009035,3.069,0.002206,0.001072,0.001955,0.003137,0.00394,0.009396,2.9952,0.001161,0.001627,0.0031,0.003689,0.004969,0.011888,3.2226,0.013862,35.747,0.063365,4.5711,0.010936,32.954,0.051632,4.7213,0.006775,28.78,0.023192,3.4232
2026-09-28T10:46:00.000Z,2026-09-28T10:46:00.142Z,1004.41,38.41,20.397,0.8692,6.141,0.2849,0.368,115.8,0.4177,0.265,0.085,0.072,512.25,1.76,1.2268,0.02164,0.4545,0.4263,0.1941,1.9841,8.706,7.385,0.003081,0.001744,0.002565,0.004372,0.005559,0.011282,2.5805,0.00233,0.002475,0.002909,0.004474,0.005574,0.018265,4.0825,0.001971,0.002502,0.003024,0.004392,0.004895,0.018835,4.2885,0.011603,32.844,0.052768,4.5478,0.008471,30.595,0.028561,3.3716,0.012141,32.929,0.047746,3.9326
2026-09-28T10:48:00.000Z,2026-09-28T10:48:00.753Z,1004.167,36.758,20.286,0.835,5.131,0.3889,0.2973,133.13,0.4338,0.2855,0.0802,0.0591,475.93,1.23,1.0783,0.01506,0.5915,0.6029,0.1281,1.9618,12.672,8.629,0.001298,0.002269,0.001499,0.003013,0.003821,0.008278,2.7474,0.001635,0.001857,0.001822,0.003073,0.003429,0.011187,3.6404,0.001466,0.002253,0.003033,0.004053,0.005549,0.011108,2.7407,0.011739,33.147,0.029904,2.5474,0.010515,31.706,0.044836,4.264,0.012475,33.218,0.056353,4.5173
2026-09-28T10:50:00.000Z,2026-09-28T10:50:00.338Z,1004.4,39.123,20.141,0.9002,6.617,0.5556,0.246,144.13,0.4493,0.2795,0.1106,0.0595,507.76,1.61,1.0914,0.01746,0.5402,0.3333,0.1266,2.1027,12.829,10.506,0.002336,0.001738,0.00292,0.004124,0.00556,0.011308,2.742,0.002294,0.002958,0.0018,0.004154,0.005507,0.013584,3.2701,0.00164,0.002159,0.00254,0.003715,0.004605,0.012312,3.3141,0.006946,28.936,0.021424,3.0844,0.011793,32.913,0.057888,4.9087,0.008977,30.392,0.034892,3.8868
2026-09-28T10:52:00.000Z,2026-09-28T10:52:00.314Z,1004.513,40.549,20.255,1.1651,8.77,0.2968,0.4661,147.65,0.2783,0.1327,0.1305,0.0491,500.55,1,1.0828,0.01673,0.8113,0.6328,0.1503,1.5976,14.22,10.698,0.001504,0.001463,0.001812,0.002772,0.003474,0.007182,2.5909,0.001948,0.00123,0.002212,0.003194,0.003631,0.008877,2.7793,0.002572,0.001544,0.002231,0.003739,0.004597,0.013912,3.7208,0.012533,33.73,0.052704,4.2052,0.008716,31.457,0.038191,4.3817,0.007845,30.112,0.038892,4.9576
2026-09-28T10:54:00.000Z,2026-09-28T10:54:00.072Z,1004.205,40.796,20.082,1.054,6.248,0.2871,0.3253,141.16,0.3087,0.324,0.0714,0.0519,483.37,1.45,0.7185,0.02111,0.5141,0.4736,0.0981,1.8686,13.329,9.609,0.000962,0.002453,0.00332,0.004239,0.005549,0.010669,2.5169,0.000631,0.002327,0.002001,0.003133,0.003465,0.009594,3.0622,0.002145,0.002497,0.002132,0.003922,0.00442,0.014617,3.7269,0.008435,32.024,0.026027,3.0856,0.007153,29.127,0.022903,3.2019,0.013879,33.962,0.041952,3.0227
2026-09-28T10:56:00.000Z,2026-09-28T10:56:00.508Z,1003.714,39.64,19.803,0.8778,6.386,0.4307,0.2128,141.45,0.2824,0.2788,0.1063,0.0642,508.15,1.14,0.9388,0.01136,0.4697,0.4538,0.2062,2.4604,12.836,10.583,0.001906,0.000644,0.002804,0.003451,0.00446,0.015137,4.3863,0.003343,0.002454,0.000616,0.004193,0.004957,0.016186,3.8602,0.002805,0.001444,0.002518,0.004037,0.00536,0.017228,4.2675,0.010386,33.126,0.036872,3.5502,0.00971,31.777,0.028999,2.9865,0.013402,35.184,0.034355,2.5634
2026-09-28T10:58:00.000Z,2026-09-28T10:58:00.660Z,1003.827,39.132,20.003,1.1416,7.118,0.4683,0.2743,129.51,0.4228,0.1796,0.0769,0.0423,514.9,1.48,1.0925,0.0191,0.5338,0.3109,0.2115,2.4865,11.791,10.033,0.001304,0.001777,0.002279,0.00317,0.003545,0.008136,2.5666,0.001549,0.003073,0.002688,0.004367,0.006008,0.014777,3.3838,0.002125,0.001733,0.003198,0.004213,0.004717,0.016242,3.8552,0.007664,29.385,0.026469,3.4537,0.014129,35.948,0.043557,3.0828,0.006429,27.303,0.016243,2.5265
2026-09-28T11:00:00.000Z,2026-09-28T11:00:00.544Z,1003.164,36.928,19.755,1.3251,5.746,0.4145,0.3203,149.93,0.4435,0.2315,0.0937,0.0532,497.03,1,0.8735,0.01979,0.6254,0.3828,0.1072,2.023,16.772,12.969,0.002192,0.002973,0.002148,0.004273,0.005099,0.018248,4.2705,0.002054,0.001665,0.002202,0.003441,0.004166,0.008658,2.5161,0.002513,0.001226,0.001933,0.003399,0.003797,0.011945,3.5143,0.013027,32.595,0.046313,3.5552,0.010675,33.197,0.050933,4.7712,0.010603,31.617,0.044211,4.1697
2026-09-28T11:02:00.000Z,2026-09-28T11:02:00.736Z,1003.602,36.784,20.053,1.2921,6.132,0.4481,0.3233,132.09,0.45,0.2908,0.1055,0.0642,508.28,1.33,1.2776,0.02056,0.695,0.4858,0.1395,1.9873,14.306,10.09,0.003666,0.002133,0.002466,0.004906,0.005566,0.015116,3.0811,0.002273,0.002748,0.002418,0.004309,0.004778,0.012477,2.8956,0.001821,0.002573,0.00351,0.004718,0.006207,0.015002,3.1797,0.008228,30.095,0.021012,2.5537,0.013633,32.858,0.034798,2.5525,0.008711,29.925,0.038925,4.4685
2026-09-28T11:04:00.000Z,2026-09-28T11:04:00.596Z,1003.441,37.737,20.134,0.9077,4.469,0.8449,0.26,164.84,0.2611,0.2807,0.1067,0.0816,497.2,1.36,1.182,0.01524,0.6153,0.4741,0.1457,2.3977,14.91,11.448,0.002689,0.001907,0.002575,0.004183,0.0056,0.01776,4.2458,0.002939,0.000733,0.00271,0.004064,0.00457,0.013986,3.4414,0.00173,0.001886,0.002212,0.003383,0.004237,0.013541,4.0027,0.007808,28.908,0.029252,3.7464,0.007422,29.607,0.025492,3.4347,0.008375,28.969,0.031297,3.737
2026-09-28T11:06:00.000Z,2026-09-28T11:06:00.057Z,1003.832,37.042,19.691,1.1234,7.182,0.5655,0.2391,143.19,0.5967,0.1234,0.0695,0.0322,524.32,1.32,1.0626,0.01563,0.5382,0.3033,0.1275,1.7711,12.165,10.169,0.002125,0.001759,0.002938,0.00403,0.00465,0.011959,2.9675,0.001654,0.001552,0.003403,0.00409,0.005128,0.01549,3.7873,0.002571,0.002306,0.001063,0.003614,0.004082,0.009551,2.6428,0.011948,33.705,0.035744,2.9916,0.008783,31.619,0.039865,4.5389,0.009025,30.377,0.038484,4.2642
2026-09-28T11:08:00.000Z,2026-09-28T11:09:29.880Z,1003.344,34.767,19.691,1.1006,5.986,0.677,0.3168,141.13,0.2907,0.2941,0.081,0.0313,486.87,1.18,1.1191,0.02406,0.5288,0.5646,0.1024,2.0578,12.921,11.561,0.000968,0.002255,0.002251,0.00333,0.004432,0.012973,3.8958,0.002357,0.002165,0.003035,0.004411,0.005591,0.014333,3.2494,0.001722,0.001853,0.002478,0.003541,0.004756,0.014761,4.1686,0.009854,31.315,0.041529,4.2144,0.012642,32.61,0.048596,3.844,0.012972,34.16,0.057899,4.4634
2026-09-28T11:10:00.000Z,2026-09-28T11:10:02.191Z,1003.298,38.351,19.567,0.9776,5.597,0.3435,0.1993,158.44,0.3916,0.1926,0.1235,0.0536,520.13,1,0.9073,0.02175,0.4674,0.5006,0.1809,2.4493,13.899,11.54,0.002028,0.002477,0.002287,0.003934,0.004602,0.015024,3.819,0.002187,0.002088,0.002034,0.003644,0.004948,0.012104,3.3216,0.001957,0.00216,0.002643,0.003935,0.004962,0.013601,3.4564,0.016787,37.543,0.078299,4.6643,0.011394,33.628,0.040796,3.5805,0.009147,30.127,0.036673,4.0093
2026-09-28T11:12:00.000Z,2026-09-28T11:12:04.143Z,1002.69,36.874,19.569,1.1417,6.845,0.5284,0.1829,163.1,0.1833,0.2287,0.1242,0.0347,492.95,1,0.9026,0.03003,0.3207,0.4421,0.142,1.7552,11.39,9.578,0.002007,0.003287,0.00233,0.004501,0.006181,0.012904,2.8669,0.00134,0.001455,0.002149,0.002921,0.004042,0.008703,2.9795,0.00233,0.001651,0.002054,0.003518,0.004837,0.013706,3.896,0.008204,30.16,0.030631,3.7337,0.007932,31.255,0.039567,4.9883,0.009818,32.259,0.04336,4.4164
2026-09-28T11:14:00.000Z,2026-09-28T11:14:00.454Z,1002.837,37.106,19.305,1.1233,8.028,0.5684,0.2999,143.17,0.395,0.132,0.0965,0.0518,541.09,1.62,0.8452,0.02735,0.4551,0.4036,0.1216,1.933,14.754,11.924,0.0022,0.001692,0.002674,0.003854,0.004579,0.013756,3.5693,0.002031,0.001813,0.002553,0.003732,0.00496,0.014386,3.8548,0.002322,0.002464,0.002433,0.004169,0.00543,0.012225,2.9324,0.010777,32.025,0.048807,4.5288,0.004607,24.264,0.021849,4.7426,0.006311,27.338,0.016604,2.631
2026-09-28T11:16:00.000Z,2026-09-28T11:16:00.536Z,1003.04,34.078,19.659,1.0726,6.709,0.5437,0.0876,167.78,0.366,0.2835,0.0897,0.0377,536.88,1,1.0587,0.01735,0.5619,0.4899,0.1778,2.1672,13.389,10.635,0.00063,0.001632,0.002702,0.003219,0.003885,0.009165,2.8472,0.002286,0.001573,0.002702,0.003873,0.004712,0.013236,3.4175,0.003009,0.002444,0.002061,0.00439,0.004918,0.012894,2.9371,0.007672,29.268,0.038036,4.9578,0.013844,35.82,0.068892,4.9763,0.01222,34.103,0.059849,4.8976
2026-09-28T11:18:00.000Z,2026-09-28T11:18:00.276Z,1003.344,36.204,19.208,0.7797,6.394,0.4157,0.1905,138.51,0.3191,0.3567,0.0731,0.052,502.77,1,0.7885,0.02482,0.5176,0.5323,0.179,1.9841,11.084,9.507,0.001923,0.000993,0.002246,0.003119,0.003781,0.009648,3.0933,0.001856,0.002235,0.002731,0.003987,0.004431,0.017331,4.3469,0.000817,0.001162,0.002364,0.002758,0.003264,0.010445,3.7872,0.007328,29.38,0.036229,4.9439,0.006369,27.588,0.0163,2.5593,0.008016,30.592,0.024895,3.1057
2026-09-28T11:20:00.000Z,2026-09-28T11:20:00.216Z,1003.173,35.112,19.405,1.3751,6.471,0.3656,0.2482,160.61,0.3897,0.2523,0.1078,0.0444,526.81,1.53,1.0852,0.02262,0.6348,0.4731,0.1953,1.3933,14.908,11.506,0.001639,0.002889,0.002412,0.004105,0.004822,0.012605,3.0706,0.002374,0.001192,0.002672,0.003768,0.004452,0.015308,4.0626,0.00341,0.002775,0.002108,0.004876,0.006009,0.017118,3.5107,0.011085,32.735,0.050426,4.549,0.004952,25.95,0.017102,3.4536,0.009422,32.509,0.045262,4.8039
2026-09-28T11:22:00.000Z,2026-09-28T11:22:00.065Z,1003.004,38.191,19.353,1.3188,5.829,0.5279,0.2757,152.76,0.4736,0.3011,0.111,0.0607,537.93,1.15,0.9641,0.01425,0.7544,0.2931,0.188,1.9466,12.895,9.801,0.001858,0.002092,0.002921,0.004045,0.005136,0.011684,2.8885,0.00172,0.001576,0.002579,0.003478,0.004779,0.013719,3.9445,0.001306,0.001958,0.002051,0.003122,0.004044,0.01359,4.353,0.005709,27.064,0.014765,2.5863,0.007774,30.358,0.032581,4.191,0.006093,27.23,0.019213,3.1533
2026-09-28T11:24:00.000Z,2026-09-28T11:24:00.059Z,1002.558,35.047,18.932,0.9353,6.868,0.4868,0.3151,141.38,0.4873,0.2199,0.0447,0.0278,511.64,1.09,0.6669,0.02438,0.4982,0.4848,0.2074,1.9113,14.378,10.801,0.00269,0.001322,0.003124,0.004329,0.005771,0.013804,3.1887,0.002452,0.002622,0.003179,0.004795,0.006612,0.015804,3.2959,0.001369,0.003652,0.002414,0.004587,0.005142,0.017856,3.8927,0.009846,30.425,0.042659,4.3326,0.009317,31.849,0.039692,4.2602,0.012553,34.178,0.061148,4.8712
2026-09-28T11:26:00.000Z,2026-09-28T11:26:00.550Z,1002.66,35.09,19.411,1.1955,6.85,0.4226,0.367,150.2,0.3022,0.1899,0.1122,0.0411,518.3,1.38,0.9694,0.02451,0.3825,0.3416,0.1414,1.8777,17.093,13.468,0.013421,0.0117,0.013765,0.022505,0.028827,0.100683,4.4738,0.011765,0.012411,0.005982,0.018117,0.022501,0.057504,3.174,0.00874,0.013289,0.024781,0.029446,0.039606,0.129032,4.382,0.022165,38.665,0.075141,3.3901,0.030274,41.399,0.110267,3.6423,0.030768,41.249,0.145223,4.7199
2026-09-28T11:28:00.000Z,2026-09-28T11:28:00.019Z,1002.034,34.058,19.202,1.394,7.208,0.412,0.2136,146.61,0.298,0.2596,0.1334,0.1041,549.56,1,1.188,0.02049,0.7089,0.4515,0.1302,2.2893,13.075,10.704,0.002553,0.00231,0.00366,0.005025,0.007015,0.021176,4.2141,0.001421,0.002809,0.001852,0.003652,0.004339,0.010555,2.8902,0.002452,0.002569,0.001336,0.003794,0.004748,0.010455,2.7557,0.007418,29.651,0.031027,4.1827,0.007569,27.637,0.022102,2.9201,0.008156,29.762,0.033901,4.1566
2026-09-28T11:30:00.000Z,2026-09-28T11:30:00.441Z,1002.577,38.198,19.182,1.1148,5.392,0.5631,0.3984,176.39,0.5396,0.1913,0.1043,0.0652,492.25,1.17,1.0773,0.02189,0.3116,0.3654,0.2017,2.2477,14.954,13.624,0.001305,0.00149,0.001717,0.002621,0.003462,0.008553,3.2633,0.002666,0.001517,0.0018,0.003557,0.004826,0.014644,4.117,0.002049,0.002293,0.002621,0.004041,0.005343,0.017677,4.3744,0.010679,32.554,0.036515,3.4193,0.00851,32.099,0.033549,3.9423,0.004069,24.547,0.015621,3.839
2026-09-28T11:32:00.000Z,2026-09-28T11:32:00.400Z,1002.66,35.498,19.0,1.3431,7.216,0.384,0.2545,153.12,0.3016,0.2956,0.0837,0.0527,551.45,1,0.7794,0.02001,0.4458,0.3666,0.1135,1.5352,12.969,11.262,0.002307,0.001981,0.003339,0.004516,0.005616,0.018775,4.1574,0.001981,0.001064,0.002429,0.00331,0.004015,0.01477,4.4622,0.001438,0.002975,0.002639,0.004229,0.00568,0.016497,3.9009,0.014725,37.256,0.043403,2.9476,0.011949,32.552,0.059279,4.961,0.010235,31.153,0.050946,4.9776
2026-09-28T11:34:00.000Z,2026-09-28T11:34:00.008Z,1002.108,37.499,19.508,1.1617,5.936,0.5775,0.2745,172.81,0.4666,0.3612,0.0875,0.0566,525.69,1,1.1321,0.01084,0.4667,0.2929,0.1612,2.1398,13.657,11.439,0.002198,0.002977,0.002393,0.004407,0.005807,0.016092,3.6515,0.001919,0.00122,0.000786,0.002406,0.002753,0.010588,4.4007,0.000967,0.002509,0.002641,0.003769,0.005247,0.010777,2.8594,0.009395,34.109,0.038757,4.1253,0.012722,31.889,0.051746,4.0674,0.005607,26.758,0.017394,3.1022
2026-09-28T11:36:00.000Z,2026-09-28T11:36:00.437Z,1002.01,32.039,19.036,1.0612,6.265,0.3337,0.2246,143.49,0.4958,0.1847,0.0931,0.0787,520.99,1.16,1.2013,0.02288,0.43,0.2958,0.2016,2.0564,13.59,10.943,0.002104,0.001635,0.001541,0.003078,0.003786,0.011213,3.6429,0.002086,0.002176,0.002527,0.003933,0.005399,0.016088,4.0905,0.002437,0.003008,0.003159,0.004997,0.006301,0.02061,4.1245,0.010473,31.195,0.041492,3.9618,0.010261,31.825,0.028836,2.8103,0.004836,25.738,0.022942,4.744
2026-09-28T11:38:00.000Z,2026-09-28T11:38:00.249Z,1002.094,34.861,18.785,1.0927,7.294,0.5367,0.3129,164.06,0.2196,0.2052,0.1819,0.0622,512.46,1.03,0.7984,0.01856,0.5015,0.3996,0.1198,2.689,12.541,9.754,0.00126,0.002267,0.002153,0.003371,0.004705,0.010801,3.2041,0.001313,0.0016,0.002302,0.003096,0.003498,0.012816,4.1395,0.002031,0.002386,0.002051,0.003745,0.005195,0.013873,3.7044,0.015398,35.949,0.043441,2.8212,0.012765,33.838,0.040049,3.1374,0.00918,29.663,0.032131,3.5001
2026-09-28T11:40:00.000Z,2026-09-28T11:40:00.765Z,1002.196,36.919,19.018,1.0117,8.399,0.5697,0.4235,158.19,0.434,0.3042,0.0694,0.019,514.91,1,1.3563,0.03284,0.4749,0.4093,0.1372,1.927,15.615,12.274,0.002785,0.002345,0.002048,0.004177,0.004937,0.017701,4.2377,0.00241,0.002013,0.002484,0.004004,0.004857,0.017768,4.4376,0.001796,0.002195,0.002733,0.003939,0.005194,0.012262,3.113,0.00916,31.741,0.035013,3.8224,0.006864,28.118,0.026624,3.8788,0.004281,22.968,0.01253,2.9269
2026-09-28T11:42:00.000Z,2026-09-28T11:42:03.253Z,1001.766,33.888,19.355,1.37,6.699,0.3387,0.2128,153.73,0.4076,0.3219,0.1021,0.0558,534.25,1,1.225,0.0276,0.5629,0.5548,0.14,2.0023,16.363,13.533,0.001632,0.002213,0.001724,0.003245,0.003838,0.010889,3.3556,0.003157,0.001556,0.0026,0.004376,0.00594,0.019232,4.3949,0.001529,0.001567,0.002688,0.003467,0.003907,0.009219,2.6591,0.009093,28.786,0.026486,2.9128,0.01463,35.887,0.056843,3.8854,0.003896,23.904,0.019112,4.9055
2026-09-28T11:44:00.000Z,2026-09-28T11:44:00.004Z,1002.105,33.429,19.096,1.5052,6.929,0.4672,0.2228,142.75,0.2532,0.2476,0.0525,0.0402,504.39,1.04,1.3276,0.02887,0.4321,0.4895,0.1165,1.6826,15.335,10.873,0.001802,0.001576,0.002337,0.003346,0.003756,0.013982,4.1787,0.000524,0.001873,0.001882,0.002706,0.00328,0.007378,2.7265,0.002273,0.00239,0.002166,0.003946,0.004979,0.015914,4.0329,0.011867,34.056,0.038376,3.2338,0.011129,34.522,0.043649,3.9221,0.010519,33.274,0.050836,4.8328
2026-09-28T11:46:00.000Z,2026-09-28T11:46:00.430Z,1002.029,33.143,19.114,1.053,7.036,0.4332,0.2526,158.71,0.4081,0.2797,0.0877,0.0444,534.15,1,1.0042,0.01712,0.4938,0.4823,0.1825,2.2451,16.538,13.388,0.002595,0.001657,0.002566,0.004008,0.005385,0.010891,2.7173,0.000937,0.002432,0.002695,0.003749,0.004612,0.012066,3.2185,0.002477,0.002274,0.00211,0.00397,0.004593,0.010245,2.5806,0.006096,28.716,0.028971,4.7525,0.011068,33.445,0.040932,3.6982,0.008803,30.215,0.031275,3.5528
2026-09-28T11:48:00.000Z,2026-09-28T11:48:00.521Z,1001.622,33.967,19.34,1.3255,6.177,0.6707,0.2289,155.81,0.431,0.2597,0.1039,0.0632,543.66,1.04,0.8539,0.01801,0.4011,0.5617,0.1404,1.7728,13.664,12.349,0.00209,0.002413,0.002987,0.004372,0.005136,0.017634,4.0334,0.003267,0.000548,0.002418,0.004101,0.004755,0.016047,3.9129,0.003112,0.002343,0.001533,0.004186,0.005235,0.011982,2.8624,0.014008,34.865,0.057239,4.0862,0.010206,32.705,0.026494,2.5959,0.016889,36.413,0.060222,3.5658
2026-09-28T11:50:00.000Z,2026-09-28T11:50:00.468Z,1002.104,34.014,19.12,1.1237,6.444,0.4411,0.3783,145.32,0.3911,0.2341,0.1224,0.0465,543.01,1,1.0865,0.02138,0.5102,0.5565,0.1713,2.0802,16.67,13.284,0.00185,0.002541,0.002218,0.003847,0.004583,0.010363,2.6938,0.002757,0.002065,0.002748,0.004406,0.005826,0.0142,3.2229,0.00159,0.002133,0.001676,0.003144,0.003809,0.011949,3.8006,0.010734,33.569,0.050643,4.718,0.013372,35.728,0.037453,2.8009,0.004338,23.604,0.017941,4.1358
2026-09-28T11:52:00.000Z,2026-09-28T11:52:00.239Z,1001.377,36.736,19.13,1.0649,8.331,0.567,0.2965,159.23,0.3706,0.2772,0.1354,0.0494,560.27,1.4,0.6531,0.03048,0.4604,0.2493,0.1702,2.0952,12.718,11.739,0.002677,0.002804,0.002511,0.004619,0.006046,0.012739,2.758,0.002744,0.002218,0.002654,0.004415,0.005838,0.014547,3.2949,0.001113,0.001516,0.001288,0.002279,0.003171,0.006452,2.8311,0.010014,31.028,0.044547,4.4485,0.008061,30.592,0.023862,2.9602,0.011127,33.519,0.047199,4.2418
2026-09-28T11:54:00.000Z,2026-09-28T11:54:00.469Z,1001.698,34.551,18.774,1.1639,7.66,0.4671,0.2021,161.33,0.4269,0.2513,0.1084,0.0748,554.71,1.22,0.9299,0.02181,0.3335,0.4012,0.2245,1.9845,14.19,11.974,0.002669,0.002813,0.002869,0.004824,0.006101,0.019027,3.9442,0.001308,0.002449,0.002307,0.00361,0.004855,0.014974,4.1479,0.002184,0.002298,0.003926,0.005046,0.005818,0.02242,4.4431,0.001902,20,0.008455,4.4453,0.010271,31.767,0.044827,4.3644,0.006778,29.606,0.031688,4.6751
2026-09-28T11:56:00.000Z,2026-09-28T11:56:00.037Z,1001.835,35.231,19.16,0.9621,6.106,0.5011,0.2535,161.79,0.5599,0.1622,0.1475,0.0605,535.16,1.24,1.3656,0.02218,0.6292,0.3814,0.0927,2.1774,15.528,12.089,0.00254,0.00221,0.002498,0.004192,0.00492,0.018102,4.3182,0.002271,0.001949,0.001447,0.003324,0.004462,0.012321,3.7067,0.001838,0.001912,0.002485,0.003634,0.004899,0.014634,4.027,0.009448,31.271,0.029486,3.1209,0.01144,33.447,0.046543,4.0684,0.017786,37.222,0.087045,4.894
2026-09-28T11:58:00.000Z,2026-09-28T11:58:00.380Z,1001.73,34.737,18.871,1.0084,7.157,0.4439,0.3164,157.14,0.4505,0.3365,0.1158,0.0429,524.45,1.06,0.917,0.01827,0.6375,0.4286,0.1311,2.0563,14.353,11.86,0.00215,0.002186,0.003619,0.004743,0.005765,0.020245,4.2684,0.002129,0.001737,0.00254,0.003742,0.00423,0.016509,4.4118,0.002254,0.001482,0.003048,0.00407,0.004622,0.017691,4.3467,0.015586,34.829,0.06252,4.0113,0.011611,34.404,0.046433,3.9991,0.009266,30.822,0.038622,4.1681
2026-09-28T12:00:00.000Z,2026-09-28T12:00:00.495Z,1001.747,37.653,19.271,1.0164,5.024,0.5587,0.183,160.59,0.403,0.2811,0.0931,0.0402,519.06,1,1.2029,0.02126,0.3665,0.5198,0.1716,2.2346,17.488,11.756,0.003047,0.001605,0.002748,0.004406,0.005407,0.017125,3.8867,0.001086,0.002549,0.001859,0.003337,0.004325,0.009984,2.9919,0.002935,0.001386,0.002744,0.00425,0.005356,0.015151,3.5649,0.011282,32.16,0.044591,3.9524,0.006526,28.912,0.027629,4.2337,0.00995,30.398,0.030725,3.0879
2026-09-28T12:02:00.000Z,2026-09-28T12:02:00.446Z,1002.0,31.483,18.821,1.2461,6.832,0.3864,0.4262,172.37,0.2627,0.2407,0.1161,0.0823,498.05,1.19,0.9225,0.0208,0.4641,0.5658,0.2279,1.9167,16.432,10.879,0.002256,0.001734,0.001556,0.003243,0.003639,0.013539,4.1748,0.002102,0.001892,0.002239,0.003607,0.004051,0.013124,3.6385,0.002182,0.002133,0.002085,0.003696,0.004268,0.014736,3.987,0.009945,30.404,0.032309,3.2488,0.007688,30.195,0.034238,4.4534,0.009168,30.472,0.026493,2.8897
2026-09-28T12:04:00.000Z,2026-09-28T12:04:00.808Z,1002.109,34.792,19.003,1.3119,5.687,0.5904,0.2285,170.69,0.2031,0.1557,0.0994,0.0396,533.93,1.36,0.9592,0.02256,0.4914,0.433,0.204,2.0371,15.712,12.745,0.001232,0.002274,0.001784,0.003142,0.003751,0.011889,3.7839,0.002168,0.001681,0.002685,0.003839,0.004447,0.01043,2.7169,0.001183,0.00272,0.002783,0.004067,0.005507,0.010396,2.5562,0.009247,32.543,0.024628,2.6634,0.005867,26.405,0.019202,3.2729,0.005945,27.028,0.015344,2.581
2026-09-28T12:06:00.000Z,2026-09-28T12:06:00.719Z,1001.962,32.59,18.871,1.3238,7.24,0.5122,0.2964,154.82,0.4639,0.2183,0.1118,0.0504,505.63,1.46,0.9491,0.02419,0.5705,0.3975,0.1316,2.0605,13.51,11.347,0.001693,0.002297,0.002002,0.003486,0.003993,0.011944,3.4263,0.002199,0.001825,0.002155,0.003579,0.004804,0.01363,3.8083,0.000778,0.002042,0.002047,0.002994,0.004159,0.010577,3.5327,0.009419,30.041,0.045452,4.8256,0.007141,30.548,0.023905,3.3476,0.006227,29.4,0.022276,3.5773
2026-09-28T12:08:00.000Z,2026-09-28T12:08:00.437Z,1001.739,35.582,19.282,1.2747,7.25,0.4185,0.2325,161.65,0.3478,0.3019,0.0725,0.0842,524.49,1.12,1.0463,0.01546,0.7577,0.4428,0.1775,1.9153,16.111,12.371,0.002931,0.001545,0.002477,0.004137,0.005639,0.015723,3.8006,0.002196,0.002238,0.002245,0.003856,0.005235,0.012732,3.3019,0.001929,0.002834,0.001352,0.003685,0.004196,0.011915,3.2334,0.01415,32.975,0.048594,3.4342,0.008528,29.536,0.026923,3.157,0.013224,33.36,0.053577,4.0515
2026-09-28T12:10:00.000Z,2026-09-28T12:10:00.389Z,1001.827,35.168,19.003,1.2716,6.322,0.5551,0.3677,168.55,0.4439,0.2242,0.1031,0.022,533.89,1.28,0.8687,0.02696,0.6,0.5964,0.1052,2.0229,13.756,11.171,0.002461,0.001069,0.00248,0.003654,0.004541,0.011169,3.0567,0.002339,0.002083,0.001557,0.003498,0.004184,0.008964,2.5626,0.002161,0.001527,0.002052,0.003348,0.004623,0.010791,3.2231,0.006925,29.29,0.018249,2.6352,0.015005,33.703,0.063159,4.2092,0.00947,32.937,0.025654,2.709
2026-09-28T12:12:00.000Z,2026-09-28T12:12:00.225Z,1002.216,34.409,18.643,0.9745,6.745,0.4888,0.4505,177.51,0.5182,0.1952,0.142,0.0595,540.96,1,1.1106,0.01889,0.4342,0.3692,0.1146,1.8954,15.58,10.835,0.002065,0.002787,0.002818,0.004469,0.005742,0.014066,3.1475,0.003414,0.001879,0.002356,0.004554,0.005442,0.012756,2.8011,0.001021,0.001672,0.002487,0.003166,0.004304,0.008634,2.7271,0.01301,34.094,0.04946,3.8017,0.013282,34.491,0.060849,4.5813,0.012307,34.579,0.060595,4.9236
2026-09-28T12:14:00.000Z,2026-09-28T12:14:00.536Z,1002.918,33.514,19.171,1.2668,7.808,0.3574,0.4611,172.24,0.3768,0.3596,0.105,0.0924,531.91,1,0.9947,0.01773,0.3351,0.3011,0.1612,1.7753,14.451,13.135,0.001852,0.002285,0.002967,0.004178,0.004818,0.015416,3.6898,0.001433,0.001844,0.002916,0.003736,0.0046,0.011456,3.0664,0.001242,0.001006,0.001462,0.002166,0.002939,0.009727,4.4908,0.010484,31.971,0.043237,4.1241,0.0077,29.043,0.028806,3.741,0.010075,29.776,0.027699,2.7493
2026-09-28T12:16:00.000Z,2026-09-28T12:16:00.343Z,1002.093,34.83,19.268,1.2193,8.042,0.4516,0.3359,154.06,0.4098,0.3802,0.0866,0.0183,542.71,1,0.6849,0.02484,0.5056,0.4133,0.1822,2.171,15.207,11.267,0.001092,0.002068,0.003686,0.004365,0.005344,0.011048,2.531,0.002332,0.002477,0.002852,0.004439,0.005682,0.014072,3.1701,0.000985,0.003824,0.001921,0.004391,0.005149,0.019527,4.4471,0.011521,34.576,0.052667,4.5714,0.011249,31.777,0.031747,2.8222,0.004589,23.155,0.013465,2.9342
2026-09-28T12:18:00.000Z,2026-09-28T12:18:03.827Z,1002.039,35.54,19.158,1.0204,5.757,0.3712,0.362,147.18,0.3918,0.326,0.1192,0.0457,541.19,1.21,0.815,0.01514,0.6853,0.4273,0.1642,1.9419,14.538,10.429,0.001188,0.002243,0.002121,0.003308,0.00453,0.010234,3.0937,0.002346,0.001561,0.002301,0.003638,0.004853,0.014814,4.072,0.002112,0.001127,0.002181,0.003238,0.004171,0.012229,3.7767,0.016928,36.162,0.06175,3.6478,0.00933,31.006,0.029913,3.2061,0.009191,31.615,0.034334,3.7356
2026-09-28T12:20:00.000Z,2026-09-28T12:20:00.332Z,1002.362,34.071,19.06,1.1881,9.196,0.6128,0.4082,165.67,0.3386,0.2867,0.1457,0.0302,528.19,1.07,1.1122,0.02583,0.4762,0.3843,0.276,1.8559,13.356,10.216,0.002537,0.002828,0.002752,0.004691,0.005202,0.011944,2.5462,0.001825,0.001656,0.002375,0.003423,0.004655,0.009343,2.7295,0.00211,0.002523,0.002583,0.004182,0.005779,0.012693,3.0352,0.014752,32.919,0.049735,3.3714,0.010858,31.923,0.047373,4.363,0.009204,30.081,0.032213,3.4999
2026-09-28T12:22:00.000Z,2026-09-28T12:22:00.407Z,1002.46,37.436,19.247,1.1043,5.883,0.5826,0.3071,149.76,0.4678,0.1069,0.0381,0.0532,504.63,1.27,1.1124,0.01361,0.4007,0.3339,0.1147,1.8811,14.271,11.541,0.002702,0.002151,0.001973,0.003977,0.005361,0.015074,3.7903,0.00174,0.002546,0.002279,0.003835,0.004253,0.010967,2.8597,0.001532,0.002953,0.002254,0.004018,0.005212,0.013034,3.2439,0.010908,32.849,0.035958,3.2965,0.008494,31.473,0.031117,3.6634,0.010183,32.758,0.039755,3.9041
2026-09-28T12:24:00.000Z,2026-09-28T12:24:00.113Z,1001.999,34.393,19.276,1.2534,5.288,0.37,0.3201,155.0,0.4818,0.2108,0.101,0.0325,521.85,1.23,1.0764,0.01444,0.6253,0.3936,0.1674,2.1292,15.127,11.257,0.001812,0.002841,0.003503,0.004861,0.006677,0.014917,3.0687,0.000598,0.002332,0.001889,0.00306,0.004188,0.013268,4.3359,0.002837,0.00221,0.002643,0.004463,0.005984,0.017613,3.9464,0.010567,32.221,0.036994,3.5009,0.014962,34.687,0.060309,4.0308,0.009097,29.968,0.033081,3.6365
2026-09-28T12:26:00.000Z,2026-09-28T12:26:00.639Z,1002.494,35.417,18.977,1.3252,7.193,0.5057,0.3376,158.01,0.3326,0.3321,0.0832,0.0548,537.1,1.66,0.7066,0.02792,0.7793,0.3847,0.171,1.8284,14.424,11.897,0.002478,0.002244,0.001566,0.003692,0.00436,0.010488,2.8407,0.001286,0.002432,0.002908,0.004003,0.004555,0.016908,4.2238,0.002024,0.000745,0.003005,0.003699,0.004565,0.010153,2.7448,0.00934,30.113,0.038791,4.1532,0.00932,32.26,0.040329,4.3271,0.009608,31.771,0.031136,3.2406
2026-09-28T12:28:00.000Z,2026-09-28T12:28:00.593Z,1001.83,34.569,19.024,0.9674,6.977,0.5388,0.3278,156.72,0.4696,0.2535,0.1081,0.0383,532.81,1.19,0.7936,0.0167,0.6278,0.2687,0.1333,2.3055,16.517,12.541,0.002111,0.00256,0.003592,0.00489,0.006132,0.019854,4.0601,0.001812,0.002184,0.002848,0.00402,0.00462,0.012519,3.1142,0.002593,0.001367,0.003138,0.004294,0.005683,0.012801,2.9811,0.014899,35.969,0.038312,2.5714,0.008808,30.32,0.027868,3.1639,0.007198,29.52,0.025759,3.5786
2026-09-28T12:30:00.000Z,2026-09-28T12:30:00.353Z,1002.099,35.737,19.379,1.2088,8.029,0.5834,0.2905,146.54,0.3723,0.3086,0.0694,0.0363,507.93,1.09,0.8791,0.01345,0.5817,0.382,0.1602,2.0265,15.018,11.651,0.002123,0.002826,0.002272,0.004202,0.00475,0.016673,3.9679,0.001415,0.002345,0.002074,0.003436,0.003992,0.01399,4.0716,0.001715,0.002404,0.001597,0.003357,0.003788,0.011771,3.5064,0.007223,28.826,0.023571,3.2633,0.00675,29.201,0.022193,3.2879,0.008774,31.448,0.041674,4.7497
2026-09-28T12:32:00.000Z,2026-09-28T12:32:00.468Z,1002.858,36.001,19.196,1.2464,6.792,0.5399,0.2326,138.86,0.1805,0.1617,0.0699,0.0384,523.2,1.23,1.1086,0.01413,0.7275,0.3886,0.1261,1.9713,15.33,11.977,0.001943,0.001344,0.002227,0.003247,0.003822,0.011277,3.4731,0.000191,0.001935,0.002475,0.003147,0.003795,0.012337,3.9202,0.002804,0.001347,0.003205,0.004466,0.005711,0.012172,2.7255,0.004938,25.237,0.012601,2.5518,0.005546,28.832,0.023007,4.1484,0.009209,32.023,0.028648,3.1109
2026-09-28T12:34:00.000Z,2026-09-28T12:34:00.628Z,1002.864,35.738,19.288,1.0626,8.175,0.46,0.46,151.69,0.3073,0.1341,0.0282,0.0658,510.6,1.06,0.8196,0.01056,0.4034,0.4657,0.1844,1.9902,16.326,13.016,0.001513,0.001585,0.000887,0.002364,0.003162,0.007274,3.077,0.002439,0.002692,0.002266,0.004281,0.00559,0.014695,3.4326,0.002918,0.003267,0.001768,0.004724,0.005627,0.014533,3.0764,0.006889,28.818,0.017928,2.6024,0.009494,31.273,0.024998,2.633,0.013937,34.519,0.057847,4.1506
2026-09-28T12:36:00.000Z,2026-09-28T12:36:00.649Z,1002.651,37.483,19.245,1.4469,5.914,0.3525,0.3191,159.15,0.357,0.4473,0.1131,0.0751,530.5,1.21,0.8155,0.02078,0.5646,0.2682,0.0577,2.3662,15.776,12.326,0.001712,0.002717,0.002171,0.003876,0.004936,0.014987,3.8666,0.001522,0.002101,0.002708,0.00375,0.004749,0.011633,3.1021,0.002666,0.002397,0.001878,0.004047,0.004908,0.017207,4.2518,0.00728,28.739,0.026243,3.6048,0.010633,31.628,0.045525,4.2815,0.016465,35.296,0.058472,3.5513
2026-09-28T12:38:00.000Z,2026-09-28T12:38:00.452Z,1003.105,36.544,19.565,1.1101,6.808,0.3619,0.2807,162.21,0.348,0.2476,0.0627,0.0431,513.54,1.61,0.8413,0.02317,0.7177,0.4068,0.1814,1.7643,15.007,11.895,0.001682,0.001563,0.002807,0.003626,0.004512,0.011468,3.1627,0.002286,0.002914,0.002768,0.004624,0.006022,0.018398,3.9788,0.002384,0.002133,0.003008,0.004391,0.005483,0.012941,2.9472,0.013877,33.966,0.045131,3.2522,0.004761,24.431,0.011979,2.5161,0.018372,35.764,0.051199,2.7868
2026-09-28T12:40:00.000Z,2026-09-28T12:40:00.436Z,1002.683,35.877,19.513,1.2044,4.867,0.5311,0.2746,155.81,0.4734,0.2923,0.1553,0.046,529.56,1,1.1317,0.01319,0.6054,0.2928,0.0982,2.1759,17.042,12.347,0.002471,0.002867,0.001747,0.004169,0.004949,0.015988,3.835,0.001803,0.002676,0.002222,0.003918,0.005095,0.01286,3.2823,0.001908,0.001729,0.001853,0.003172,0.003516,0.01083,3.4142,0.011574,33.133,0.037695,3.2569,0.009825,30.551,0.039788,4.0497,0.004983,28.052,0.024452,4.9071
2026-09-28T12:42:00.000Z,2026-09-28T12:42:00.544Z,1002.843,35.283,19.629,1.1249,7.435,0.4069,0.2271,166.84,0.3722,0.2637,0.0844,0.0345,515.59,1,0.9237,0.01142,0.464,0.5669,0.1369,2.2838,15.18,12.904,0.001134,0.002155,0.00118,0.002706,0.003606,0.009609,3.551,0.001368,0.002365,0.002786,0.003902,0.00541,0.012472,3.1963,0.001549,0.001589,0.003526,0.004166,0.004782,0.011219,2.693,0.011634,35.147,0.042941,3.691,0.014332,35.302,0.064801,4.5214,0.001552,20,0.007371,4.7494
2026-09-28T12:44:00.000Z,2026-09-28T12:44:00.217Z,1003.361,35.038,19.42,1.1618,6.301,0.4681,0.3178,150.35,0.4114,0.1683,0.1367,0.0118,507.05,1.58,0.5689,0.03043,0.4283,0.3702,0.1493,2.3218,14.827,11.174,0.002426,0.000995,0.002681,0.00375,0.004833,0.01439,3.8373,0.002741,0.002315,0.003447,0.004975,0.006806,0.016015,3.2191,0.001368,0.002412,0.002746,0.003903,0.005148,0.016869,4.3221,0.010839,31.966,0.049654,4.581,0.007262,28.197,0.024547,3.3802,0.008546,29.695,0.024311,2.8447
2026-09-28T12:46:00.000Z,2026-09-28T12:46:00.183Z,1002.794,37.4,19.6,1.1557,6.818,0.4176,0.3427,157.85,0.328,0.218,0.1116,0.0969,526.01,1.07,0.9783,0.0182,0.7178,0.2103,0.1967,2.1778,14.129,12.976,0.001835,0.002121,0.002306,0.003631,0.004507,0.01574,4.3349,0.001725,0.001988,0.002548,0.003663,0.004401,0.011069,3.0218,0.001483,0.00288,0.002884,0.004337,0.005726,0.018859,4.3484,0.012899,33.148,0.039846,3.0891,0.004734,27.685,0.022538,4.7609,0.013226,33.934,0.034234,2.5884
2026-09-28T12:48:00.000Z,2026-09-28T12:49:26.243Z,1002.657,35.225,19.414,1.2897,7.232,0.575,0.2791,154.96,0.407,0.1631,0.0979,0.0345,520.04,1.66,0.5681,0.02167,0.5054,0.427,0.0777,1.4185,13.05,10.729,0.001106,0.002968,0.002729,0.004181,0.005471,0.014046,3.3595,0.001707,0.002145,0.001216,0.002999,0.004183,0.009703,3.2354,0.002486,0.002223,0.003003,0.004488,0.005015,0.013303,2.9641,0.008172,29.867,0.035701,4.3687,0.014068,33.819,0.055148,3.9201,0.010519,32.43,0.045227,4.2996
2026-09-28T12:50:00.000Z,2026-09-28T12:50:00.515Z,1003.312,37.256,19.674,0.989,7.769,0.503,0.3665,142.76,0.3294,0.2672,0.1083,0.05,532.26,1,1.0104,0.01309,0.7086,0.4293,0.2121,2.4873,13.036,10.422,0.002842,0.001898,0.003323,0.004767,0.005964,0.012432,2.6079,0.00276,0.001451,0.00205,0.003732,0.004333,0.010354,2.7744,0.001663,0.002429,0.002335,0.003757,0.004969,0.010976,2.9215,0.006159,29.113,0.017583,2.8548,0.0146,35.073,0.060222,4.1248,0.008584,30.815,0.032167,3.7473
2026-09-28T12:52:00.000Z,2026-09-28T12:52:00.356Z,1003.628,37.522,19.594,1.0735,7.903,0.3008,0.3047,148.83,0.42,0.2605,0.1184,0.0441,514.23,1.1,1.2349,0.01934,0.5225,0.236,0.0966,2.5788,13.381,9.886,0.001255,0.00139,0.003349,0.003837,0.00472,0.012874,3.3552,0.001873,0.00103,0.00267,0.00342,0.00416,0.013484,3.9427,0.002101,0.001481,0.001333,0.002896,0.004001,0.009925,3.4271,0.006509,27.699,0.024717,3.7974,0.011535,34.076,0.05034,4.3641,0.01142,32.911,0.028983,2.5379
2026-09-28T12:54:00.000Z,2026-09-28T12:54:00.500Z,1003.399,37.397,19.969,1.0256,7.375,0.4291,0.2497,140.99,0.253,0.2804,0.0619,0.0684,524.52,1.14,1.1414,0.02241,0.6206,0.2958,0.1665,2.3353,14.141,10.75,0.001651,0.002447,0.002219,0.003693,0.004738,0.011552,3.1281,0.002348,0.002148,0.002448,0.004015,0.005463,0.011059,2.7544,0.00152,0.001769,0.002153,0.003174,0.00408,0.00825,2.5992,0.010633,32.718,0.044777,4.2111,0.012529,32.947,0.032637,2.6049,0.009784,31.464,0.041938,4.2864
2026-09-28T12:56:00.000Z,2026-09-28T12:56:00.382Z,1003.993,38.444,19.625,1.0571,5.158,0.4764,0.326,138.5,0.4414,0.2544,0.1265,0.0243,529.63,1,1.1444,0.02198,0.4531,0.3185,0.2125,1.8436,14.379,12.031,0.001448,0.001744,0.002154,0.003127,0.003482,0.013636,4.3607,0.002116,0.001928,0.001556,0.003258,0.004083,0.013233,4.0617,0.00131,0.001209,0.002359,0.002957,0.003558,0.008663,2.9297,0.010375,32.095,0.044775,4.3157,0.002294,21.591,0.006185,2.6962,0.016212,37.29,0.049632,3.0614
2026-09-28T12:58:00.000Z,2026-09-28T12:58:00.118Z,1003.477,35.624,19.984,1.1959,5.449,0.6072,0.3287,138.36,0.3835,0.2363,0.1566,0.046,518.84,1.3,1.3414,0.01643,0.601,0.3994,0.1302,2.0274,16.54,12.848,0.001611,0.00067,0.002353,0.002929,0.003796,0.010868,3.7105,0.001407,0.002197,0.001381,0.002952,0.003358,0.010554,3.5752,0.001526,0.002102,0.001794,0.003157,0.004027,0.008765,2.7764,0.009841,32.681,0.032324,3.2846,0.012734,34.612,0.063137,4.9581,0.006229,27.238,0.027605,4.4317
2026-09-28T13:00:00.000Z,2026-09-28T13:00:00.431Z,1003.72,38.78,19.986,0.7569,5.639,0.4977,0.2585,158.67,0.4226,0.1831,0.0154,0.0771,528.83,1.86,0.788,0.01691,0.5965,0.2522,0.1279,2.4694,16.644,12.57,0.001521,0.002182,0.002393,0.003578,0.004729,0.011485,3.2099,0.001416,0.002194,0.001318,0.002925,0.003471,0.010104,3.4544,0.002354,0.002253,0.002686,0.004223,0.005616,0.018297,4.3327,0.011157,32.789,0.052873,4.739,0.007601,29.084,0.031343,4.1235,0.007659,30.422,0.028887,3.7716
2026-09-28T13:02:00.000Z,2026-09-28T13:02:00.506Z,1003.824,37.715,20.11,0.7809,5.54,0.331,0.2258,139.63,0.4392,0.2343,0.1171,0.0728,526.61,1.22,0.4009,0.02148,0.6408,0.2769,0.1249,2.1992,14.916,11.328,0.002325,0.002372,0.002073,0.003915,0.005384,0.01753,4.4777,0.00203,0.000636,0.002234,0.003085,0.003585,0.012888,4.1776,0.001714,0.002004,0.002259,0.003472,0.004759,0.015345,4.4196,0.004793,25.169,0.012062,2.5166,0.01034,32.092,0.031101,3.0078,0.013646,34.235,0.05909,4.3302
2026-09-28T13:04:00.000Z,2026-09-28T13:04:00.501Z,1003.766,40.122,20.192,1.1588,5.441,0.4288,0.3258,167.55,0.1628,0.2466,0.0852,0.0451,508.37,1.46,0.6894,0.01723,0.6263,0.377,0.2057,1.4819,13.276,10.509,0.001497,0.000728,0.002966,0.003401,0.004551,0.010662,3.135,0.00248,0.001259,0.002516,0.00375,0.004839,0.009435,2.516,0.001888,0.00238,0.002842,0.00416,0.005753,0.016002,3.8466,0.009835,32.426,0.044599,4.5347,0.009748,30.968,0.029209,2.9964,0.015235,33.931,0.070734,4.6429
2026-09-28T13:06:00.000Z,2026-09-28T13:06:00.493Z,1004.106,37.546,20.003,1.1279,7.235,0.492,0.378,133.66,0.3283,0.1627,0.1043,0.0572,513.42,1.38,1.1652,0.01111,0.5201,0.3267,0.1736,1.8658,15.232,10.662,0.002803,0.001632,0.003941,0.005104,0.006113,0.019522,3.8248,0.002501,0.002446,0.002276,0.004173,0.005463,0.016315,3.9097,0.002267,0.002102,0.001718,0.003537,0.004745,0.012303,3.4784,0.008132,30.588,0.026245,3.2274,0.003706,23.279,0.016518,4.4571,0.014785,36.037,0.046632,3.154
2026-09-28T13:08:00.000Z,2026-09-28T13:08:00.190Z,1004.428,36.045,20.374,1.0239,7.862,0.4012,0.4249,141.48,0.4958,0.2175,0.092,0.0576,520.57,1.76,0.9113,0.01673,0.6435,0.5588,0.158,2.0422,12.404,10.023,0.00073,0.001173,0.002114,0.002525,0.00317,0.008141,3.2242,0.002112,0.002332,0.001241,0.003382,0.003953,0.013875,4.1026,0.001735,0.002456,0.002113,0.003675,0.00428,0.014578,3.9668,0.010756,32.533,0.027429,2.5501,0.011298,32.89,0.039485,3.4949,0.008255,30.39,0.026859,3.2537
2026-09-28T13:10:00.000Z,2026-09-28T13:10:00.426Z,1004.124,38.804,20.275,1.09,4.791,0.6115,0.3965,143.82,0.4418,0.3359,0.1215,0.0516,483.21,1.95,1.0348,0.01773,0.4578,0.3843,0.0793,2.1404,14.636,11.973,0.002491,0.002475,0.00247,0.004293,0.004983,0.013002,3.0287,0.001623,0.001437,0.002332,0.003184,0.004426,0.011532,3.6219,0.002256,0.000697,0.002537,0.003466,0.004367,0.010361,2.9893,0.013497,34.731,0.047025,3.4841,0.00737,30.251,0.020421,2.7708,0.011324,35.763,0.039559,3.4934
2026-09-28T13:12:00.000Z,2026-09-28T13:12:00.180Z,1004.755,38.281,20.096,1.185,3.637,0.5503,0.3275,151.17,0.3129,0.25,0.1166,0.0331,485.67,1.35,0.7451,0.02094,0.7037,0.3989,0.1846,1.9101,13.375,10.935,0.002698,0.002918,0.002432,0.004659,0.00618,0.019052,4.0893,0.001501,0.001853,0.002095,0.003174,0.004166,0.011201,3.529,0.001568,0.003188,0.000939,0.003675,0.004132,0.00996,2.7102,0.009087,30.247,0.039912,4.3922,0.012614,35.431,0.036776,2.9155,0.002589,21.284,0.006725,2.5975
2026-09-28T13:14:00.000Z,2026-09-28T13:14:00.615Z,1005.077,36.85,20.328,0.8817,5.838,0.469,0.3819,136.46,0.6172,0.2176,0.0673,0.0355,485.74,1.34,0.9105,0.01665,0.4882,0.2806,0.1084,1.7735,10.872,10.155,0.002325,0.001781,0.001247,0.003183,0.003631,0.011296,3.5489,0.00204,0.001926,0.002104,0.003507,0.003928,0.01562,4.4539,0.002172,0.001853,0.002758,0.00397,0.005194,0.014195,3.5756,0.009481,31.847,0.034812,3.6718,0.011545,34.021,0.045001,3.8979,0.010634,33.926,0.051253,4.8197
2026-09-28T13:16:00.000Z,2026-09-28T13:16:00.616Z,1004.187,38.448,20.28,0.9097,5.373,0.4963,0.3998,139.62,0.3662,0.3059,0.1397,0.0471,505.08,1.88,1.2141,0.01273,0.3933,0.317,0.2102,1.7977,13.363,9.649,0.000863,0.001641,0.002461,0.003081,0.004113,0.013797,4.4781,0.002909,0.002587,0.002618,0.004691,0.006391,0.014761,3.1467,0.002287,0.002156,0.002281,0.003884,0.004869,0.013126,3.3795,0.008638,29.963,0.032401,3.751,0.012847,35.037,0.044236,3.4433,0.00744,30.179,0.024399,3.2794
2026-09-28T13:18:00.000Z,2026-09-28T13:18:00.108Z,1004.746,41.823,20.015,1.2766,5.409,0.454,0.1514,130.12,0.3569,0.2721,0.0557,0.03,486.09,1.44,1.0369,0.01628,0.6005,0.3222,0.0934,2.0867,16.955,11.588,0.001981,0.00243,0.003298,0.00455,0.00502,0.015398,3.3842,0.001937,0.00199,0.002301,0.003606,0.004366,0.010845,3.0075,0.002248,0.002722,0.002012,0.004063,0.00451,0.012392,3.05,0.009109,31.229,0.038611,4.2388,0.00992,33.331,0.048884,4.9278,0.01266,32.262,0.061008,4.819
2026-09-28T13:20:00.000Z,2026-09-28T13:21:02.418Z,1004.661,40.103,20.736,0.8232,6.099,0.4739,0.4668,143.82,0.4933,0.3304,0.111,0.0423,464.62,1.78,1.2674,0.02246,0.5502,0.4173,0.0398,1.7651,14.865,10.569,0.01655,0.011305,0.014877,0.024961,0.031852,0.109544,4.3886,0.005307,0.004182,0.016197,0.01755,0.021428,0.073279,4.1754,0.013608,0.01299,0.019559,0.027138,0.035787,0.072402,2.6679,0.032778,42.205,0.123365,3.7637,0.037903,44.345,0.174151,4.5946,0.040333,44.913,0.136193,3.3767
2026-09-28T13:22:00.000Z,2026-09-28T13:22:00.404Z,1004.716,39.267,20.365,0.9233,6.279,0.5291,0.2934,132.73,0.1817,0.1655,0.1055,0.0149,491.12,1.81,1.2801,0.02392,0.5047,0.5905,0.0961,1.4964,15.203,10.638,0.002887,0.002309,0.002544,0.004488,0.005362,0.013248,2.9519,0.002297,0.002471,0.003552,0.004899,0.005649,0.015137,3.0898,0.001848,0.001555,0.001613,0.002904,0.003498,0.010988,3.7837,0.010251,30.873,0.046943,4.5794,0.011317,34.922,0.039204,3.4642,0.011302,32.395,0.048095,4.2554
2026-09-28T13:24:00.000Z,2026-09-28T13:24:00.359Z,1005.476,37.978,20.72,1.206,4.026,0.4955,0.3096,133.97,0.4113,0.2041,0.0926,0.051,502.78,1.84,1.0427,0.02253,0.401,0.3499,0.1116,2.2774,14.967,11.639,0.002051,0.001945,0.001923,0.003419,0.004425,0.009233,2.7005,0.002257,0.002439,0.002134,0.003949,0.004897,0.011343,2.8724,0.003082,0.002149,0.001643,0.004101,0.005046,0.013528,3.2987,0.011062,33.261,0.037976,3.433,0.008023,29.296,0.026078,3.2504,0.013848,36.842,0.061041,4.4079
2026-09-28T13:26:00.000Z,2026-09-28T13:26:03.781Z,1005.305,38.42,20.873,1.1177,5.572,0.6179,0.3171,155.65,0.3022,0.3901,0.0844,0.0671,522.55,1.57,0.8945,0.01367,0.7638,0.4845,0.1436,2.0535,9.994,7.575,0.007821,0.008883,0.007696,0.014118,0.01587,0.041964,2.9724,0.007757,0.008408,0.009083,0.014607,0.019774,0.047451,3.2485,0.01088,0.005434,0.009262,0.015287,0.018975,0.059215,3.8736,0.022493,38.267,0.102981,4.5784,0.017305,35.13,0.047408,2.7396,0.022207,40.156,0.062931,2.8338
2026-09-28T13:28:00.000Z,2026-09-28T13:28:00.771Z,1005.228,40.739,20.571,0.9172,6.052,0.3362,0.3096,130.21,0.3634,0.1704,0.0677,0.0376,492.56,1.78,0.7539,0.02012,0.2338,0.3667,0.1327,2.0785,12.555,10.392,0.002216,0.001561,0.002621,0.003771,0.004586,0.015622,4.1427,0.003478,0.002329,0.002084,0.004676,0.006101,0.019492,4.1685,0.002169,0.001757,0.002454,0.003717,0.004854,0.010046,2.7027,0.013514,33.244,0.034198,2.5306,0.008352,31.622,0.028898,3.46,0.006677,28.816,0.032716,4.8998
2026-09-28T13:30:00.000Z,2026-09-28T13:30:00.428Z,1005.451,41.058,21.135,0.7382,4.674,0.4081,0.3238,126.4,0.4149,0.1942,0.0938,0.0624,439.5,1.33,0.9611,0.0187,0.439,0.2786,0.2297,1.832,12.724,9.103,0.001107,0.002466,0.002547,0.003714,0.004221,0.012922,3.4793,0.001155,0.002933,0.002222,0.003857,0.004633,0.011927,3.0923,0.001578,0.002316,0.001719,0.003288,0.003793,0.010567,3.2138,0.012642,34.134,0.051705,4.0899,0.007675,29.169,0.01989,2.5915,0.009839,31.105,0.026665,2.7101
2026-09-28T13:32:00.000Z,2026-09-28T13:32:00.348Z,1005.43,40.325,20.992,1.169,5.448,0.5069,0.4494,142.6,0.2601,0.1843,0.0951,0.0671,485.37,2.14,1.4374,0.0133,0.311,0.1935,0.2257,2.6047,13.734,10.739,0.01063,0.015212,0.025364,0.031428,0.042895,0.131171,4.1737,0.013389,0.016443,0.019901,0.029081,0.034634,0.1026,3.5281,0.01888,0.017621,0.015847,0.0303,0.040592,0.098429,3.2485,0.038975,42.746,0.170211,4.3672,0.039186,43.07,0.163743,4.1786,0.03355,41.174,0.14076,4.1955
2026-09-28T13:34:00.000Z,2026-09-28T13:34:00.359Z,1006.029,40.983,21.053,0.9118,7.012,0.5865,0.2894,133.69,0.4188,0.2402,0.1097,0.0426,499.71,1.85,0.7642,0.01704,0.4197,0.2233,0.2092,2.2729,11.805,9.422,0.002535,0.001981,0.001988,0.003782,0.004952,0.014545,3.8458,0.001995,0.002154,0.003342,0.004448,0.005735,0.016114,3.6228,0.000741,0.001769,0.002738,0.003343,0.004665,0.010826,3.2384,0.009322,32.231,0.039024,4.1862,0.014129,35.261,0.041212,2.9168,0.0081,31.023,0.040415,4.9895
2026-09-28T13:36:00.000Z,2026-09-28T13:36:00.714Z,1006.082,40.815,21.081,0.9937,5.365,0.3478,0.2029,138.12,0.4402,0.3279,0.0981,0.0551,482.68,1.78,0.6792,0.01583,0.5716,0.4008,0.1084,1.7864,11.313,8.621,0.002215,0.002985,0.002149,0.004294,0.005133,0.015335,3.5713,0.001075,0.002745,0.00173,0.003418,0.004607,0.011617,3.3988,0.002022,0.002333,0.002227,0.003807,0.004517,0.013573,3.5653,0.008312,31.359,0.02436,2.9307,0.012463,33.371,0.051507,4.1328,0.013043,34.142,0.053359,4.091
2026-09-28T13:38:00.000Z,2026-09-28T13:38:00.624Z,1006.615,44.189,21.146,0.8731,3.171,0.4656,0.3541,121.11,0.3523,0.2985,0.1156,0.0482,441.65,1.5,0.7912,0.02637,0.3231,0.4507,0.1826,2.1314,13.69,8.608,0.001479,0.001661,0.003626,0.004254,0.004944,0.014559,3.4224,0.002025,0.002815,0.003469,0.004905,0.006827,0.01717,3.5005,0.001931,0.002625,0.002925,0.004379,0.005252,0.019006,4.3403,0.011803,34.378,0.057908,4.9062,0.010768,32.654,0.045141,4.1921,0.016622,33.974,0.077382,4.6554
2026-09-28T13:40:00.000Z,2026-09-28T13:40:00.231Z,1006.563,42.25,21.124,0.9395,4.094,0.4786,0.2963,114.38,0.4194,0.2339,0.1291,0.065,447.64,1.43,1.2404,0.01278,0.4874,0.3536,0.1589,2.1423,13.541,9.779,0.001106,0.002302,0.002941,0.003895,0.004682,0.01685,4.3261,0.002116,0.001605,0.003105,0.004086,0.004585,0.017563,4.2983,0.002493,0.001551,0.002424,0.003807,0.004485,0.011766,3.0906,0.005037,26.643,0.021402,4.249,0.006334,27.475,0.027891,4.4034,0.011479,33.859,0.03504,3.0525
2026-09-28T13:42:00.000Z,2026-09-28T13:42:00.265Z,1006.788,43.494,21.26,0.7798,4.62,0.4223,0.3247,128.73,0.246,0.2802,0.1199,0.0287,482.87,1.97,1.0241,0.01784,0.6503,0.3905,0.2138,1.9715,6.785,4.937,0.002465,0.001805,0.00269,0.004071,0.005519,0.012736,3.1285,0.001154,0.002853,0.002036,0.00369,0.00464,0.010519,2.8507,0.002034,0.002081,0.002339,0.003733,0.005167,0.011889,3.1848,0.009222,31.96,0.029472,3.1958,0.010927,31.033,0.045074,4.125,0.007936,30.862,0.037948,4.7818
2026-09-28T13:44:00.000Z,2026-09-28T13:44:05.279Z,1007.049,40.759,21.234,0.8669,5.85,0.6412,0.2707,131.03,0.3821,0.2696,0.0649,0.0419,464.96,1.18,1.0667,0.01969,0.4172,0.3693,0.1475,2.4917,9.84,8.188,0.001755,0.001385,0.003196,0.0039,0.004936,0.010463,2.6828,0.002206,0.002416,0.003451,0.004755,0.005321,0.020476,4.3062,0.001789,0.00197,0.002512,0.003659,0.004663,0.012545,3.4285,0.013943,33.19,0.045972,3.2971,0.008797,30.446,0.024553,2.7911,0.008521,31.184,0.032856,3.8559
2026-09-28T13:46:00.000Z,2026-09-28T13:46:00.482Z,1006.518,43.334,21.107,0.7265,6.959,0.6345,0.309,120.8,0.4474,0.1722,0.0991,0.0502,465.16,1.41,0.8755,0.02014,0.356,0.3945,0.1822,1.9239,11.779,9.339,0.001522,0.001806,0.000865,0.002515,0.00348,0.00874,3.4751,0.002607,0.001316,0.003873,0.004851,0.006021,0.01371,2.8262,0.002585,0.002256,0.00194,0.003941,0.004859,0.01488,3.7757,0.016435,35.699,0.073086,4.447,0.009543,31.65,0.035829,3.7545,0.007929,29.461,0.021863,2.7573
2026-09-28T13:48:00.000Z,2026-09-28T13:48:00.678Z,1006.76,42.196,21.597,0.9348,5.493,0.3254,0.3658,115.27,0.5381,0.3755,0.1434,0.0466,468.8,1.34,0.9435,0.03153,0.2673,0.4345,0.1426,2.1585,11.871,8.063,0.0014,0.002196,0.001911,0.00323,0.004292,0.010685,3.308,0.002387,0.00255,0.00229,0.004177,0.005604,0.018588,4.4501,0.002013,0.001882,0.002284,0.003579,0.004706,0.011058,3.0897,0.008032,29.479,0.035962,4.4773,0.011887,32.915,0.035645,2.9987,0.013418,34.812,0.062273,4.641
2026-09-28T13:50:00.000Z,2026-09-28T13:50:00.688Z,1007.228,45.025,21.291,0.8827,2.646,0.5501,0.4125,129.4,0.3166,0.1286,0.0758,0.0513,449.05,1.69,1.2296,0.02425,0.4812,0.4948,0.1672,1.9328,14.094,9.85,0.002098,0.001388,0.002598,0.003616,0.004302,0.010486,2.8999,0.002279,0.002383,0.002636,0.004221,0.005368,0.016992,4.0256,0.00195,0.002737,0.002368,0.004111,0.005474,0.010837,2.6361,0.010609,32.866,0.03485,3.2849,0.00539,27.945,0.019483,3.6147,0.004816,26.131,0.017679,3.6709
2026-09-28T13:52:00.000Z,2026-09-28T13:52:00.294Z,1007.148,45.912,21.643,0.7314,5.206,0.4784,0.3603,131.18,0.3082,0.292,0.1351,0.0573,473.72,1.71,1.2133,0.02054,0.6393,0.4237,0.1711,1.4941,9.916,6.851,0.001924,0.001229,0.003431,0.004121,0.005191,0.016884,4.0971,0.001832,0.002146,0.002189,0.003571,0.004916,0.013284,3.72,0.003001,0.001956,0.002468,0.00435,0.005146,0.014801,3.4025,0.006833,29.891,0.028194,4.1262,0.006646,29.747,0.022261,3.3495,0.01192,32.013,0.054242,4.5505
2026-09-28T13:54:00.000Z,2026-09-28T13:54:00.333Z,1007.918,44.479,22.14,0.8426,5.866,0.5085,0.2445,126.56,0.4254,0.3386,0.0846,0.0696,443.24,1.48,0.8329,0.01789,0.6761,0.2627,0.1896,2.4229,12.13,8.521,0.015533,0.006827,0.005737,0.017911,0.021462,0.056073,3.1306,0.009785,0.012327,0.016872,0.023073,0.027477,0.077261,3.3485,0.010902,0.020407,0.015114,0.027636,0.031538,0.118773,4.2978,0.0328,42.807,0.118404,3.6099,0.027536,40.736,0.095028,3.451,0.025128,39.05,0.075738,3.0141
2026-09-28T13:56:00.000Z,2026-09-28T13:56:00.482Z,1007.738,43.868,22.044,1.1166,5.023,0.4497,0.3017,117.03,0.264,0.2556,0.0999,0.0325,469.96,2.76,1.0581,0.01551,0.4981,0.4487,0.1453,2.0097,10.654,8.609,0.001115,0.003146,0.002731,0.004313,0.005841,0.013376,3.1013,0.001452,0.002252,0.0024,0.003597,0.004651,0.011796,3.2794,0.000549,0.002264,0.002266,0.00325,0.00389,0.00904,2.7815,0.014279,35.102,0.040265,2.8199,0.013869,35.701,0.061103,4.4057,0.013836,36.49,0.064557,4.6659
2026-09-28T13:58:00.000Z,2026-09-28T13:58:00.568Z,1007.628,45.859,21.989,0.8876,7.44,0.399,0.2926,102.84,0.4856,0.3621,0.1138,0.0576,439.27,1.98,0.691,0.01224,0.4899,0.4876,0.1575,1.7366,11.177,8.347,0.002159,0.001904,0.00182,0.003406,0.004283,0.009592,2.8162,0.002566,0.003274,0.00252,0.004864,0.005485,0.021773,4.4764,0.002519,0.002443,0.003575,0.005009,0.006316,0.013869,2.7688,0.009384,30.314,0.030766,3.2786,0.00742,27.288,0.020928,2.8205,0.011234,32.481,0.045318,4.034
